# docId	iri	latestSearchDate	lastUpdated	lastAuthor	context	contextIri	release	gene	geneOmim	disease	omim	mondo	consensusAssertion	status-assertion	status-overall	status-stg1
AC1041	/AC1041	Mon Jun 28 00:00:00 UTC 2021	Wed, 20 Oct 2021 22:42:21 -0000	Gilmore Mari	Pediatric	https://actionability.clinicalgenome.org/ac/Pediatric/api/sepio/doc/AC1041	1.0.0	BCKDHA	608348	Maple Syrup Urine Disease	248600	0009563	Strong Actionability	Complete	Released	Complete
AC1041	/AC1041	Mon Jun 28 00:00:00 UTC 2021	Wed, 20 Oct 2021 22:42:21 -0000	Gilmore Mari	Pediatric	https://actionability.clinicalgenome.org/ac/Pediatric/api/sepio/doc/AC1041	1.0.0	BCKDHB	248611	Maple Syrup Urine Disease	248600	0009563	Strong Actionability	Complete	Released	Complete
AC1041	/AC1041	Mon Jun 28 00:00:00 UTC 2021	Wed, 20 Oct 2021 22:42:21 -0000	Gilmore Mari	Pediatric	https://actionability.clinicalgenome.org/ac/Pediatric/api/sepio/doc/AC1041	1.0.0	DBT	248610	Maple Syrup Urine Disease	248600	0009563	Strong Actionability	Complete	Released	Complete
AC1040	/AC1040	Wed Jun 02 00:00:00 UTC 2021	Thu, 16 Sep 2021 18:16:59 -0000	Pak Christine	Pediatric	https://actionability.clinicalgenome.org/ac/Pediatric/api/sepio/doc/AC1040	1.0.0	KIT	164920	Gastrointestinal stromal tumor	606764	0011719	N/A - Insufficient evidence: early rule-out	Incomplete	Released	Failed
AC1040	/AC1040	Wed Jun 02 00:00:00 UTC 2021	Thu, 16 Sep 2021 18:16:59 -0000	Pak Christine	Pediatric	https://actionability.clinicalgenome.org/ac/Pediatric/api/sepio/doc/AC1040	1.0.0	PDGFRA	173490	Gastrointestinal stromal tumor	175510	0011719	N/A - Insufficient evidence: early rule-out	Incomplete	Released	Failed
AC1028	/AC1028	Tue May 04 00:00:00 UTC 2021	Thu, 19 Aug 2021 17:07:05 -0000	Hunter Jessica	Pediatric	https://actionability.clinicalgenome.org/ac/Pediatric/api/sepio/doc/AC1028	1.0.0	ASL	608310	Argininosuccinate Lyase Deficiency	207900	0008815	Moderate Actionability	Complete	Released	Complete
AC1025	/AC1025	Mon Jun 07 00:00:00 UTC 2021	Wed, 15 Sep 2021 22:36:02 -0000	Pak Christine	Pediatric	https://actionability.clinicalgenome.org/ac/Pediatric/api/sepio/doc/AC1025	1.0.4	FOLR1	136430	Neurodegeneration due to cerebral folate transport deficiency	613068	0013110	N/A - Insufficient evidence: early rule-out	Incomplete	Released	Failed
AC1013	/AC1013	Mon Dec 16 00:00:00 UTC 2019	Wed, 19 Aug 2020 23:15:14 -0000	Pak Christine	Pediatric	https://actionability.clinicalgenome.org/ac/Pediatric/api/sepio/doc/AC1013	1.0.1	IVD	607036	Isovaleric acidemia	243500	0009475	N/A - Insufficient evidence: early rule-out	Incomplete	Released	Failed
AC1024	/AC1024	Tue Mar 09 00:00:00 UTC 2021	Wed, 21 Jul 2021 21:05:37 -0000	Pak Christine	Pediatric	https://actionability.clinicalgenome.org/ac/Pediatric/api/sepio/doc/AC1024	1.0.0	SMARCA4	603254	Rhabdoid tumor predisposition syndrome	613325	0016473	Limited Actionability	Complete	Released	Complete
AC1024	/AC1024	Tue Mar 09 00:00:00 UTC 2021	Wed, 21 Jul 2021 21:05:37 -0000	Pak Christine	Pediatric	https://actionability.clinicalgenome.org/ac/Pediatric/api/sepio/doc/AC1024	1.0.0	SMARCB1	601607	Rhabdoid tumor predisposition syndrome	609322	0016473	Assertion Pending	Complete	Released	Complete
AC1010	/AC1010	Wed May 20 00:00:00 UTC 2020	Wed, 17 Mar 2021 21:49:21 -0000	Pak Christine	Pediatric	https://actionability.clinicalgenome.org/ac/Pediatric/api/sepio/doc/AC1010	1.0.1	GALNS	612222	Mucopolysaccharidosis Type IVA	253000	0009659	Moderate Actionability	Complete	Released	Complete
AC1020	/AC1020	Mon Oct 12 00:00:00 UTC 2020	Mon, 29 Mar 2021 20:44:56 -0000	Pak Christine	Pediatric	https://actionability.clinicalgenome.org/ac/Pediatric/api/sepio/doc/AC1020	1.0.1	PIK3R1	171833	SHORT syndrome	269880	0010026	Moderate Actionability	Complete	Released	Complete
AC1018	/AC1018	Thu Oct 29 00:00:00 UTC 2020	Thu, 12 Aug 2021 23:32:58 -0000	Jenkins Charisma	Pediatric	https://actionability.clinicalgenome.org/ac/Pediatric/api/sepio/doc/AC1018	1.0.2	CABP2	607314	Prelingual non-syndromic hearing loss and deafness	614899	0016297	Strong Actionability	Complete	Released	Complete
AC1018	/AC1018	Thu Oct 29 00:00:00 UTC 2020	Thu, 12 Aug 2021 23:32:58 -0000	Jenkins Charisma	Pediatric	https://actionability.clinicalgenome.org/ac/Pediatric/api/sepio/doc/AC1018	1.0.2	CDH23	605516	Prelingual non-syndromic hearing loss and deafness	601386	0016297	Strong Actionability	Complete	Released	Complete
AC1018	/AC1018	Thu Oct 29 00:00:00 UTC 2020	Thu, 12 Aug 2021 23:32:58 -0000	Jenkins Charisma	Pediatric	https://actionability.clinicalgenome.org/ac/Pediatric/api/sepio/doc/AC1018	1.0.2	CIB2	605564	Prelingual non-syndromic hearing loss and deafness	609439	0016297	Strong Actionability	Complete	Released	Complete
AC1018	/AC1018	Thu Oct 29 00:00:00 UTC 2020	Thu, 12 Aug 2021 23:32:58 -0000	Jenkins Charisma	Pediatric	https://actionability.clinicalgenome.org/ac/Pediatric/api/sepio/doc/AC1018	1.0.2	CLDN14	605608	Prelingual non-syndromic hearing loss and deafness	614035	0016297	Strong Actionability	Complete	Released	Complete
AC1018	/AC1018	Thu Oct 29 00:00:00 UTC 2020	Thu, 12 Aug 2021 23:32:58 -0000	Jenkins Charisma	Pediatric	https://actionability.clinicalgenome.org/ac/Pediatric/api/sepio/doc/AC1018	1.0.2	ESPN	606351	Prelingual non-syndromic hearing loss and deafness	609006	0016297	Strong Actionability	Complete	Released	Complete
AC1018	/AC1018	Thu Oct 29 00:00:00 UTC 2020	Thu, 12 Aug 2021 23:32:58 -0000	Jenkins Charisma	Pediatric	https://actionability.clinicalgenome.org/ac/Pediatric/api/sepio/doc/AC1018	1.0.2	ESRRB	602167	Prelingual non-syndromic hearing loss and deafness	608565	0016297	Strong Actionability	Complete	Released	Complete
AC1018	/AC1018	Thu Oct 29 00:00:00 UTC 2020	Thu, 12 Aug 2021 23:32:58 -0000	Jenkins Charisma	Pediatric	https://actionability.clinicalgenome.org/ac/Pediatric/api/sepio/doc/AC1018	1.0.2	GIPC3	608792	Prelingual non-syndromic hearing loss and deafness	601869	0016297	Strong Actionability	Complete	Released	Complete
AC1018	/AC1018	Thu Oct 29 00:00:00 UTC 2020	Thu, 12 Aug 2021 23:32:58 -0000	Jenkins Charisma	Pediatric	https://actionability.clinicalgenome.org/ac/Pediatric/api/sepio/doc/AC1018	1.0.2	GJB2	121011	Prelingual non-syndromic hearing loss and deafness	220290	0016297	Strong Actionability	Complete	Released	Complete
AC1018	/AC1018	Thu Oct 29 00:00:00 UTC 2020	Thu, 12 Aug 2021 23:32:58 -0000	Jenkins Charisma	Pediatric	https://actionability.clinicalgenome.org/ac/Pediatric/api/sepio/doc/AC1018	1.0.2	GRXCR1	613283	Prelingual non-syndromic hearing loss and deafness	613285	0016297	Strong Actionability	Complete	Released	Complete
AC1018	/AC1018	Thu Oct 29 00:00:00 UTC 2020	Thu, 12 Aug 2021 23:32:58 -0000	Jenkins Charisma	Pediatric	https://actionability.clinicalgenome.org/ac/Pediatric/api/sepio/doc/AC1018	1.0.2	ILDR1	609739	Prelingual non-syndromic hearing loss and deafness	609646	0016297	Strong Actionability	Complete	Released	Complete
AC1018	/AC1018	Thu Oct 29 00:00:00 UTC 2020	Thu, 12 Aug 2021 23:32:58 -0000	Jenkins Charisma	Pediatric	https://actionability.clinicalgenome.org/ac/Pediatric/api/sepio/doc/AC1018	1.0.2	LHFPL5	609427	Prelingual non-syndromic hearing loss and deafness	610265	0016297	Strong Actionability	Complete	Released	Complete
AC1018	/AC1018	Thu Oct 29 00:00:00 UTC 2020	Thu, 12 Aug 2021 23:32:58 -0000	Jenkins Charisma	Pediatric	https://actionability.clinicalgenome.org/ac/Pediatric/api/sepio/doc/AC1018	1.0.2	LRTOMT	612414	Prelingual non-syndromic hearing loss and deafness	611451	0016297	Strong Actionability	Complete	Released	Complete
AC1018	/AC1018	Thu Oct 29 00:00:00 UTC 2020	Thu, 12 Aug 2021 23:32:58 -0000	Jenkins Charisma	Pediatric	https://actionability.clinicalgenome.org/ac/Pediatric/api/sepio/doc/AC1018	1.0.2	MARVELD2	610572	Prelingual non-syndromic hearing loss and deafness	610153	0016297	Strong Actionability	Complete	Released	Complete
AC1018	/AC1018	Thu Oct 29 00:00:00 UTC 2020	Thu, 12 Aug 2021 23:32:58 -0000	Jenkins Charisma	Pediatric	https://actionability.clinicalgenome.org/ac/Pediatric/api/sepio/doc/AC1018	1.0.2	MYO15A	602666	Prelingual non-syndromic hearing loss and deafness	600316	0016297	Strong Actionability	Complete	Released	Complete
AC1018	/AC1018	Thu Oct 29 00:00:00 UTC 2020	Thu, 12 Aug 2021 23:32:58 -0000	Jenkins Charisma	Pediatric	https://actionability.clinicalgenome.org/ac/Pediatric/api/sepio/doc/AC1018	1.0.2	MYO3A	606808	Prelingual non-syndromic hearing loss and deafness	607101	0016297	Strong Actionability	Complete	Released	Complete
AC1018	/AC1018	Thu Oct 29 00:00:00 UTC 2020	Thu, 12 Aug 2021 23:32:58 -0000	Jenkins Charisma	Pediatric	https://actionability.clinicalgenome.org/ac/Pediatric/api/sepio/doc/AC1018	1.0.2	MYO6	600970	Prelingual non-syndromic hearing loss and deafness	606346	0016297	Strong Actionability	Complete	Released	Complete
AC1018	/AC1018	Thu Oct 29 00:00:00 UTC 2020	Thu, 12 Aug 2021 23:32:58 -0000	Jenkins Charisma	Pediatric	https://actionability.clinicalgenome.org/ac/Pediatric/api/sepio/doc/AC1018	1.0.2	OTOA	607038	Prelingual non-syndromic hearing loss and deafness	607039	0016297	Strong Actionability	Complete	Released	Complete
AC1018	/AC1018	Thu Oct 29 00:00:00 UTC 2020	Thu, 12 Aug 2021 23:32:58 -0000	Jenkins Charisma	Pediatric	https://actionability.clinicalgenome.org/ac/Pediatric/api/sepio/doc/AC1018	1.0.2	OTOG	604487	Prelingual non-syndromic hearing loss and deafness	614945	0016297	Strong Actionability	Complete	Released	Complete
AC1018	/AC1018	Thu Oct 29 00:00:00 UTC 2020	Thu, 12 Aug 2021 23:32:58 -0000	Jenkins Charisma	Pediatric	https://actionability.clinicalgenome.org/ac/Pediatric/api/sepio/doc/AC1018	1.0.2	OTOGL	614925	Prelingual non-syndromic hearing loss and deafness	614944	0016297	Strong Actionability	Complete	Released	Complete
AC1018	/AC1018	Thu Oct 29 00:00:00 UTC 2020	Thu, 12 Aug 2021 23:32:58 -0000	Jenkins Charisma	Pediatric	https://actionability.clinicalgenome.org/ac/Pediatric/api/sepio/doc/AC1018	1.0.2	PDZD7	612971	Prelingual non-syndromic hearing loss and deafness	618003	0016297	Strong Actionability	Complete	Released	Complete
AC1018	/AC1018	Thu Oct 29 00:00:00 UTC 2020	Thu, 12 Aug 2021 23:32:58 -0000	Jenkins Charisma	Pediatric	https://actionability.clinicalgenome.org/ac/Pediatric/api/sepio/doc/AC1018	1.0.2	PJVK	610219	Prelingual non-syndromic hearing loss and deafness	610220	0016297	Strong Actionability	Complete	Released	Complete
AC1018	/AC1018	Thu Oct 29 00:00:00 UTC 2020	Thu, 12 Aug 2021 23:32:58 -0000	Jenkins Charisma	Pediatric	https://actionability.clinicalgenome.org/ac/Pediatric/api/sepio/doc/AC1018	1.0.2	POU3F4	300039	Prelingual non-syndromic hearing loss and deafness	304400	0016297	Strong Actionability	Complete	Released	Complete
AC1018	/AC1018	Thu Oct 29 00:00:00 UTC 2020	Thu, 12 Aug 2021 23:32:58 -0000	Jenkins Charisma	Pediatric	https://actionability.clinicalgenome.org/ac/Pediatric/api/sepio/doc/AC1018	1.0.2	PTPRQ	603317	Prelingual non-syndromic hearing loss and deafness	613391	0016297	Strong Actionability	Complete	Released	Complete
AC1018	/AC1018	Thu Oct 29 00:00:00 UTC 2020	Thu, 12 Aug 2021 23:32:58 -0000	Jenkins Charisma	Pediatric	https://actionability.clinicalgenome.org/ac/Pediatric/api/sepio/doc/AC1018	1.0.2	RDX	179410	Prelingual non-syndromic hearing loss and deafness	611022	0016297	Strong Actionability	Complete	Released	Complete
AC1018	/AC1018	Thu Oct 29 00:00:00 UTC 2020	Thu, 12 Aug 2021 23:32:58 -0000	Jenkins Charisma	Pediatric	https://actionability.clinicalgenome.org/ac/Pediatric/api/sepio/doc/AC1018	1.0.2	S1PR2	605111	Prelingual non-syndromic hearing loss and deafness	610419	0016297	Strong Actionability	Complete	Released	Complete
AC1018	/AC1018	Thu Oct 29 00:00:00 UTC 2020	Thu, 12 Aug 2021 23:32:58 -0000	Jenkins Charisma	Pediatric	https://actionability.clinicalgenome.org/ac/Pediatric/api/sepio/doc/AC1018	1.0.2	STRC	606440	Prelingual non-syndromic hearing loss and deafness	603720	0016297	Strong Actionability	Complete	Released	Complete
AC1018	/AC1018	Thu Oct 29 00:00:00 UTC 2020	Thu, 12 Aug 2021 23:32:58 -0000	Jenkins Charisma	Pediatric	https://actionability.clinicalgenome.org/ac/Pediatric/api/sepio/doc/AC1018	1.0.2	TECTA	602574	Prelingual non-syndromic hearing loss and deafness	601543	0016297	Strong Actionability	Complete	Released	Complete
AC1018	/AC1018	Thu Oct 29 00:00:00 UTC 2020	Thu, 12 Aug 2021 23:32:58 -0000	Jenkins Charisma	Pediatric	https://actionability.clinicalgenome.org/ac/Pediatric/api/sepio/doc/AC1018	1.0.2	TECTA	602574	Prelingual non-syndromic hearing loss and deafness	603629	0016297	Strong Actionability	Complete	Released	Complete
AC1018	/AC1018	Thu Oct 29 00:00:00 UTC 2020	Thu, 12 Aug 2021 23:32:58 -0000	Jenkins Charisma	Pediatric	https://actionability.clinicalgenome.org/ac/Pediatric/api/sepio/doc/AC1018	1.0.2	TMC1	606706	Prelingual non-syndromic hearing loss and deafness	600974	0016297	Strong Actionability	Complete	Released	Complete
AC1018	/AC1018	Thu Oct 29 00:00:00 UTC 2020	Thu, 12 Aug 2021 23:32:58 -0000	Jenkins Charisma	Pediatric	https://actionability.clinicalgenome.org/ac/Pediatric/api/sepio/doc/AC1018	1.0.2	TMIE	607237	Prelingual non-syndromic hearing loss and deafness	600971	0016297	Strong Actionability	Complete	Released	Complete
AC1018	/AC1018	Thu Oct 29 00:00:00 UTC 2020	Thu, 12 Aug 2021 23:32:58 -0000	Jenkins Charisma	Pediatric	https://actionability.clinicalgenome.org/ac/Pediatric/api/sepio/doc/AC1018	1.0.2	TPRN	613354	Prelingual non-syndromic hearing loss and deafness	613307	0016297	Strong Actionability	Complete	Released	Complete
AC1018	/AC1018	Thu Oct 29 00:00:00 UTC 2020	Thu, 12 Aug 2021 23:32:58 -0000	Jenkins Charisma	Pediatric	https://actionability.clinicalgenome.org/ac/Pediatric/api/sepio/doc/AC1018	1.0.2	TRIOBP	609761	Prelingual non-syndromic hearing loss and deafness	609823	0016297	Strong Actionability	Complete	Released	Complete
AC1012	/AC1012	Tue Jul 09 00:00:00 UTC 2019	Wed, 19 Aug 2020 23:09:06 -0000	Pak Christine	Pediatric	https://actionability.clinicalgenome.org/ac/Pediatric/api/sepio/doc/AC1012	1.0.1	SPRED1	609291	Legius syndrome	611431	0012669	N/A - Insufficient evidence: early rule-out	Incomplete	Released	Failed
AC1005	/AC1005	Thu Jan 30 00:00:00 UTC 2020	Fri, 14 May 2021 20:46:04 -0000	Pak Christine	Pediatric	https://actionability.clinicalgenome.org/ac/Pediatric/api/sepio/doc/AC1005	1.0.0	FGFR3	134934	Achondroplasia	100800	0007037	N/A - Insufficient evidence: early rule-out	Incomplete	Released	Failed
AC1011	/AC1011	Wed Jun 03 21:28:49 UTC 2020	Wed, 17 Mar 2021 21:50:17 -0000	Pak Christine	Pediatric	https://actionability.clinicalgenome.org/ac/Pediatric/api/sepio/doc/AC1011	1.0.1	DHCR7	602858	Smith-Lemli-Optiz Syndrome	270400	0010035	Limited Actionability	Complete	Released	Complete
AC1022	/AC1022	Sat Dec 26 00:00:00 UTC 2020	Thu, 12 Aug 2021 23:37:31 -0000	Jenkins Charisma	Pediatric	https://actionability.clinicalgenome.org/ac/Pediatric/api/sepio/doc/AC1022	1.0.1	CPT2	600650	Carnitine palmitoyltransferase II deficiency	255110	0015515	Moderate Actionability	Complete	Released	Complete
AC1022	/AC1022	Sat Dec 26 00:00:00 UTC 2020	Thu, 12 Aug 2021 23:37:31 -0000	Jenkins Charisma	Pediatric	https://actionability.clinicalgenome.org/ac/Pediatric/api/sepio/doc/AC1022	1.0.1	CPT2	600650	Carnitine palmitoyltransferase II deficiency	600649	0015515	Moderate Actionability	Complete	Released	Complete
AC1022	/AC1022	Sat Dec 26 00:00:00 UTC 2020	Thu, 12 Aug 2021 23:37:31 -0000	Jenkins Charisma	Pediatric	https://actionability.clinicalgenome.org/ac/Pediatric/api/sepio/doc/AC1022	1.0.1	CPT2	600650	Carnitine palmitoyltransferase II deficiency	608836	0015515	Moderate Actionability	Complete	Released	Complete
AC1004	/AC1004	Tue Aug 06 00:00:00 UTC 2019	Mon, 29 Mar 2021 21:58:37 -0000	Pak Christine	Pediatric	https://actionability.clinicalgenome.org/ac/Pediatric/api/sepio/doc/AC1004	1.0.3	PRKAR1A	188830	Carney Complex	160980	0008057	Strong Actionability	Complete	Released	Complete
AC1003	/AC1003	Mon Jul 01 00:00:00 UTC 2019	Wed, 22 Apr 2020 21:58:40 -0000	Hunter Jessica	Pediatric	https://actionability.clinicalgenome.org/ac/Pediatric/api/sepio/doc/AC1003	1.0.1	BRAF	164757	Noonan syndrome	613706	0013379	Assertion Pending	Incomplete	Released	Complete
AC1003	/AC1003	Mon Jul 01 00:00:00 UTC 2019	Wed, 22 Apr 2020 21:58:40 -0000	Hunter Jessica	Pediatric	https://actionability.clinicalgenome.org/ac/Pediatric/api/sepio/doc/AC1003	1.0.1	KRAS	190070	Noonan syndrome	609942	0012371	Assertion Pending	Incomplete	Released	Complete
AC1003	/AC1003	Mon Jul 01 00:00:00 UTC 2019	Wed, 22 Apr 2020 21:58:40 -0000	Hunter Jessica	Pediatric	https://actionability.clinicalgenome.org/ac/Pediatric/api/sepio/doc/AC1003	1.0.1	NRAS	164790	Noonan syndrome	613224	0013186	Assertion Pending	Incomplete	Released	Complete
AC1003	/AC1003	Mon Jul 01 00:00:00 UTC 2019	Wed, 22 Apr 2020 21:58:40 -0000	Hunter Jessica	Pediatric	https://actionability.clinicalgenome.org/ac/Pediatric/api/sepio/doc/AC1003	1.0.1	PTPN11	176876	Noonan syndrome	163950	0008104	Assertion Pending	Incomplete	Released	Complete
AC1003	/AC1003	Mon Jul 01 00:00:00 UTC 2019	Wed, 22 Apr 2020 21:58:40 -0000	Hunter Jessica	Pediatric	https://actionability.clinicalgenome.org/ac/Pediatric/api/sepio/doc/AC1003	1.0.1	RAF1	164760	Noonan syndrome	611553	0012690	Assertion Pending	Incomplete	Released	Complete
AC1003	/AC1003	Mon Jul 01 00:00:00 UTC 2019	Wed, 22 Apr 2020 21:58:40 -0000	Hunter Jessica	Pediatric	https://actionability.clinicalgenome.org/ac/Pediatric/api/sepio/doc/AC1003	1.0.1	RIT1	609591	Noonan syndrome	615355	0014143	Assertion Pending	Incomplete	Released	Complete
AC1003	/AC1003	Mon Jul 01 00:00:00 UTC 2019	Wed, 22 Apr 2020 21:58:40 -0000	Hunter Jessica	Pediatric	https://actionability.clinicalgenome.org/ac/Pediatric/api/sepio/doc/AC1003	1.0.1	SOS1	182530	Noonan syndrome	610733	0012547	Assertion Pending	Incomplete	Released	Complete
AC1003	/AC1003	Mon Jul 01 00:00:00 UTC 2019	Wed, 22 Apr 2020 21:58:40 -0000	Hunter Jessica	Pediatric	https://actionability.clinicalgenome.org/ac/Pediatric/api/sepio/doc/AC1003	1.0.1	SOS2	601247	Noonan syndrome	616559	0014691	Assertion Pending	Incomplete	Released	Complete
AC1002	/AC1002	Wed May 29 00:00:00 UTC 2019	Wed, 18 Aug 2021 21:16:11 -0000	Pak Christine	Pediatric	https://actionability.clinicalgenome.org/ac/Pediatric/api/sepio/doc/AC1002	1.1.2	ALDH7A1	107323	Pyridoxine-dependent epilepsy	266100	0020741	Strong Actionability	Complete	Released	Complete
AC1038	/AC1038	Sat May 29 00:00:00 UTC 2021	Mon, 04 Oct 2021 19:43:08 -0000	Gilmore Mari	Pediatric	https://actionability.clinicalgenome.org/ac/Pediatric/api/sepio/doc/AC1038		F7	613878	Factor VII deficiency	227500	0009211	Strong Actionability	Complete	Released	Complete
AC1015	/AC1015	Mon Nov 02 21:15:11 UTC 2020	Wed, 17 Mar 2021 21:42:30 -0000	Pak Christine	Pediatric	https://actionability.clinicalgenome.org/ac/Pediatric/api/sepio/doc/AC1015	1.0.0	PHYH	602026	Refsum disease	266500	0009958	Moderate Actionability	Complete	Released	Complete
AC076	/AC076	Tue Jan 12 00:00:00 UTC 2021	Wed, 07 Apr 2021 21:48:01 -0000	Hunter Jessica	Pediatric	https://actionability.clinicalgenome.org/ac/Pediatric/api/sepio/doc/AC076	1.0.0	CACNA1S	114208	Malignant Hyperthermia Susceptibility	601887	0018493	Strong Actionability	Complete	Released	Complete
AC076	/AC076	Tue Jan 12 00:00:00 UTC 2021	Wed, 07 Apr 2021 21:48:01 -0000	Hunter Jessica	Pediatric	https://actionability.clinicalgenome.org/ac/Pediatric/api/sepio/doc/AC076	1.0.0	RYR1	180901	Malignant Hyperthermia Susceptibility	145600	0018493	Strong Actionability	Complete	Released	Complete
AC115	/AC115	Thu Jan 02 00:00:00 UTC 2020	Mon, 29 Mar 2021 22:00:30 -0000	Pak Christine	Pediatric	https://actionability.clinicalgenome.org/ac/Pediatric/api/sepio/doc/AC115	1.0.1	STK11	602216	Peutz-Jeghers Syndrome	175200	0008280	Moderate Actionability	Complete	Released	Complete
AC1009	/AC1009	Thu Mar 12 00:00:00 UTC 2020	Thu, 16 Sep 2021 21:13:00 -0000	Wallace Kathleen	Pediatric	https://actionability.clinicalgenome.org/ac/Pediatric/api/sepio/doc/AC1009	1.0.2	ITGA2B	607759	Glanzmann thrombasthenia	273800	0100326	Strong Actionability	Complete	Released	Complete
AC1009	/AC1009	Thu Mar 12 00:00:00 UTC 2020	Thu, 16 Sep 2021 21:13:00 -0000	Wallace Kathleen	Pediatric	https://actionability.clinicalgenome.org/ac/Pediatric/api/sepio/doc/AC1009	1.0.2	ITGB3	173470	Glanzmann thrombasthenia	273800	0100326	Strong Actionability	Complete	Released	Complete
AC025	/AC025	Mon Sep 09 00:00:00 UTC 2019	Thu, 13 May 2021 20:27:34 -0000	Pak Christine	Pediatric	https://actionability.clinicalgenome.org/ac/Pediatric/api/sepio/doc/AC025	1.0.1	PTEN	601728	PTEN Hamartoma Tumor Syndrome - Cowden Syndrome	158350	0008020	Moderate Actionability	Complete	Released	Complete
AC011	/AC011	Fri Nov 16 00:00:00 UTC 2018	Thu, 16 Apr 2020 16:35:50 -0000	Goddard Katrina	Pediatric	https://actionability.clinicalgenome.org/ac/Pediatric/api/sepio/doc/AC011	1.1.1	WAS	300392	WAS-related disorders	300299	0010294	Assertion Pending	Incomplete	Released	Incomplete
AC011	/AC011	Fri Nov 16 00:00:00 UTC 2018	Thu, 16 Apr 2020 16:35:50 -0000	Goddard Katrina	Pediatric	https://actionability.clinicalgenome.org/ac/Pediatric/api/sepio/doc/AC011	1.1.1	WAS	300392	WAS-related disorders	301000	0010518	Assertion Pending	Incomplete	Released	Incomplete
AC011	/AC011	Fri Nov 16 00:00:00 UTC 2018	Thu, 16 Apr 2020 16:35:50 -0000	Goddard Katrina	Pediatric	https://actionability.clinicalgenome.org/ac/Pediatric/api/sepio/doc/AC011	1.1.1	WAS	300392	WAS-related disorders	303900	0010565	Assertion Pending	Incomplete	Released	Incomplete
AC145	/AC145	Thu Oct 24 00:00:00 UTC 2019	Wed, 19 Aug 2020 23:19:23 -0000	Pak Christine	Pediatric	https://actionability.clinicalgenome.org/ac/Pediatric/api/sepio/doc/AC145	1.0.1	TTR	176300	Hereditary transthyretin-related amyloidosis	105210	0017132	N/A - Insufficient evidence: early rule-out	Incomplete	Released	Failed
AC010	/AC010	Wed Jul 11 00:00:00 UTC 2018	Wed, 06 Oct 2021 21:41:19 -0000	Pak Christine	Pediatric	https://actionability.clinicalgenome.org/ac/Pediatric/api/sepio/doc/AC010	1.2.2	FGF23	605380	Hypophosphatemic rickets, autosomal dominant	193100	0008660	Limited Actionability	Complete	Released	Complete
AC1039	/AC1039	Wed May 19 00:00:00 UTC 2021	Wed, 15 Sep 2021 21:05:30 -0000	Pak Christine	Pediatric	https://actionability.clinicalgenome.org/ac/Pediatric/api/sepio/doc/AC1039	1.0.0	HADHA	600890	Disorders of the trifunctional protein complex	609015	0012172	Moderate Actionability	Complete	Released	Complete
AC1039	/AC1039	Wed May 19 00:00:00 UTC 2021	Wed, 15 Sep 2021 21:05:30 -0000	Pak Christine	Pediatric	https://actionability.clinicalgenome.org/ac/Pediatric/api/sepio/doc/AC1039	1.0.0	HADHA	600890	Disorders of the trifunctional protein complex	609016	0012173	Moderate Actionability	Complete	Released	Complete
AC1039	/AC1039	Wed May 19 00:00:00 UTC 2021	Wed, 15 Sep 2021 21:05:30 -0000	Pak Christine	Pediatric	https://actionability.clinicalgenome.org/ac/Pediatric/api/sepio/doc/AC1039	1.0.0	HADHB	143450	Disorders of the trifunctional protein complex	609015	0012172	Moderate Actionability	Complete	Released	Complete
AC013	/AC013	Thu Jan 17 00:00:00 UTC 2019	Wed, 17 Nov 2021 23:39:13 -0000	Pak Christine	Pediatric	https://actionability.clinicalgenome.org/ac/Pediatric/api/sepio/doc/AC013	1.1.2	ATP7A	300011	Menkes disease	309400	0010651	Moderate Actionability	Complete	Released	Complete
AC100	/AC100	Fri Mar 01 00:00:00 UTC 2019	Wed, 04 Aug 2021 21:09:20 -0000	Pak Christine	Pediatric	https://actionability.clinicalgenome.org/ac/Pediatric/api/sepio/doc/AC100	1.1.3	FBN1	134797	Marfan Syndrome	154700	0007947	Definitive Actionability	Complete	Released	Complete
AC1019	/AC1019	Tue Jan 12 00:00:00 UTC 2021	Wed, 31 Mar 2021 00:25:41 -0000	Pak Christine	Pediatric	https://actionability.clinicalgenome.org/ac/Pediatric/api/sepio/doc/AC1019	1.0.1	SLC26A4	605646	Pendred syndrome	274600	0010134	Moderate Actionability	Complete	Released	Complete
AC091	/AC091	Wed Jun 02 00:00:00 UTC 2021	Wed, 15 Sep 2021 23:48:56 -0000	Pak Christine	Pediatric	https://actionability.clinicalgenome.org/ac/Pediatric/api/sepio/doc/AC091	1.0.0	MET	164860	Familial papillary renal cell carcinoma 1	605074	0017884	N/A - Insufficient evidence: early rule-out	Incomplete	Released	Failed
AC012	/AC012	Mon Feb 25 00:00:00 UTC 2019	Wed, 20 Oct 2021 21:27:57 -0000	Pak Christine	Pediatric	https://actionability.clinicalgenome.org/ac/Pediatric/api/sepio/doc/AC012	1.2.2	RPE65	180069	Biallelic RPE65 Mutation-Associated Retinal Dystrophy	204100	0008765	Moderate Actionability	Complete	Released	Complete
AC012	/AC012	Mon Feb 25 00:00:00 UTC 2019	Wed, 20 Oct 2021 21:27:57 -0000	Pak Christine	Pediatric	https://actionability.clinicalgenome.org/ac/Pediatric/api/sepio/doc/AC012	1.2.2	RPE65	180069	Biallelic RPE65 Mutation-Associated Retinal Dystrophy	613794	0013425	Moderate Actionability	Complete	Released	Complete
AC048	/AC048	Tue Oct 01 00:00:00 UTC 2019	Thu, 06 May 2021 18:00:32 -0000	Jenkins Charisma	Pediatric	https://actionability.clinicalgenome.org/ac/Pediatric/api/sepio/doc/AC048	1.0.4	APC	611731	Familial Adenomatous Polyposis	175100	0021057	Definitive Actionability	Complete	Released	Complete
AC063	/AC063	Wed Jul 15 00:00:00 UTC 2020	Wed, 15 Sep 2021 23:53:14 -0000	Pak Christine	Pediatric	https://actionability.clinicalgenome.org/ac/Pediatric/api/sepio/doc/AC063	1.0.0	PMP22	601097	Hereditary Neuropathy with Liability to Pressure Palsies	162500	0008087	N/A - Insufficient evidence: early rule-out	Incomplete	Released	Failed
AC039	/AC039	Tue Mar 17 00:00:00 UTC 2020	Tue, 04 May 2021 22:13:56 -0000	Pak Christine	Pediatric	https://actionability.clinicalgenome.org/ac/Pediatric/api/sepio/doc/AC039	1.0.1	DSC2	125645	Arrhythmogenic Right Ventricular Dysplasia	610476	0012506	Strong Actionability	Complete	Released	Complete
AC039	/AC039	Tue Mar 17 00:00:00 UTC 2020	Tue, 04 May 2021 22:13:56 -0000	Pak Christine	Pediatric	https://actionability.clinicalgenome.org/ac/Pediatric/api/sepio/doc/AC039	1.0.1	DSG2	125671	Arrhythmogenic Right Ventricular Dysplasia	610193	0012434	Strong Actionability	Complete	Released	Complete
AC039	/AC039	Tue Mar 17 00:00:00 UTC 2020	Tue, 04 May 2021 22:13:56 -0000	Pak Christine	Pediatric	https://actionability.clinicalgenome.org/ac/Pediatric/api/sepio/doc/AC039	1.0.1	DSP	125647	Arrhythmogenic Right Ventricular Dysplasia	607450	0011831	Strong Actionability	Complete	Released	Complete
AC039	/AC039	Tue Mar 17 00:00:00 UTC 2020	Tue, 04 May 2021 22:13:56 -0000	Pak Christine	Pediatric	https://actionability.clinicalgenome.org/ac/Pediatric/api/sepio/doc/AC039	1.0.1	JUP	173325	Arrhythmogenic Right Ventricular Dysplasia	611528	0012684	Strong Actionability	Complete	Released	Complete
AC039	/AC039	Tue Mar 17 00:00:00 UTC 2020	Tue, 04 May 2021 22:13:56 -0000	Pak Christine	Pediatric	https://actionability.clinicalgenome.org/ac/Pediatric/api/sepio/doc/AC039	1.0.1	PKP2	602861	Arrhythmogenic Right Ventricular Dysplasia	609040	0012180	Strong Actionability	Complete	Released	Complete
AC039	/AC039	Tue Mar 17 00:00:00 UTC 2020	Tue, 04 May 2021 22:13:56 -0000	Pak Christine	Pediatric	https://actionability.clinicalgenome.org/ac/Pediatric/api/sepio/doc/AC039	1.0.1	TMEM43	612048	Arrhythmogenic Right Ventricular Dysplasia	604400	0011459	Strong Actionability	Complete	Released	Complete
AC108	/AC108	Wed Sep 15 22:14:33 UTC 2021	Wed, 15 Sep 2021 22:17:06 -0000	Pak Christine	Pediatric	https://actionability.clinicalgenome.org/ac/Pediatric/api/sepio/doc/AC108	1.0.0	PALB2	610355	PALB2-related cancers	114480	0016419	N/A - Insufficient evidence: early rule-out	Incomplete	Released	Failed
AC103	/AC103	Tue Jun 04 00:00:00 UTC 2019	Wed, 18 Aug 2021 21:14:37 -0000	Pak Christine	Pediatric	https://actionability.clinicalgenome.org/ac/Pediatric/api/sepio/doc/AC103	1.0.0	CDH1	192090	Hereditary Diffuse Gastric Cancer	137215	0007648	Limited Actionability	Complete	Released	Complete
AC001	/AC001	Mon Apr 30 00:00:00 UTC 2018	Wed, 15 Sep 2021 23:21:23 -0000	Jenkins Charisma	Pediatric	https://actionability.clinicalgenome.org/ac/Pediatric/api/sepio/doc/AC001	1.3.2	RB1	614041	Retinoblastoma	180200	0008380	Assertion Pending	Complete	Released	Complete
AC1001	/AC1001	Wed Apr 17 00:00:00 UTC 2019	Tue, 28 Apr 2020 22:13:04 -0000	Gilmore Mari	Pediatric	https://actionability.clinicalgenome.org/ac/Pediatric/api/sepio/doc/AC1001	1.1.1	IDS	300823	Mucopolysaccharidosis Type II	309900	0010674	Assertion Pending	Incomplete	Released	Complete
AC040	/AC040	Thu Oct 10 00:00:00 UTC 2019	Mon, 29 Mar 2021 21:52:57 -0000	Pak Christine	Pediatric	https://actionability.clinicalgenome.org/ac/Pediatric/api/sepio/doc/AC040	1.0.1	SCN5A	600163	Brugada Syndrome	601144	0011001	Strong Actionability	Complete	Released	Complete
AC081	/AC081	Wed Mar 06 00:00:00 UTC 2019	Mon, 13 Sep 2021 19:51:42 -0000	Pak Christine	Pediatric	https://actionability.clinicalgenome.org/ac/Pediatric/api/sepio/doc/AC081	1.1.3	RET	164761	Multiple Endocrine Neoplasia Type IIB	162300	0008082	Strong Actionability	Complete	Released	Complete
AC133	/AC133	Wed Sep 15 22:13:45 UTC 2021	Wed, 15 Sep 2021 22:16:49 -0000	Pak Christine	Pediatric	https://actionability.clinicalgenome.org/ac/Pediatric/api/sepio/doc/AC133	1.0.1	BRCA1	113705	Hereditary Breast and Ovarian Cancer	604370	0011450	N/A - Insufficient evidence: early rule-out	Incomplete	Released	Failed
AC133	/AC133	Wed Sep 15 22:13:45 UTC 2021	Wed, 15 Sep 2021 22:16:49 -0000	Pak Christine	Pediatric	https://actionability.clinicalgenome.org/ac/Pediatric/api/sepio/doc/AC133	1.0.1	BRCA2	600185	Hereditary Breast and Ovarian Cancer	612555	0012933	N/A - Insufficient evidence: early rule-out	Incomplete	Released	Failed
AC1016	/AC1016	Mon Aug 03 00:00:00 UTC 2020	Tue, 22 Dec 2020 19:49:44 -0000	Hunter Jessica	Pediatric	https://actionability.clinicalgenome.org/ac/Pediatric/api/sepio/doc/AC1016	1.0.0	ACADM	607008	Medium-chain acyl coenzyme A dehydrogenase deficiency	201450	0008721	Strong Actionability	Complete	Released	Complete
AC077	/AC077	Tue Jan 15 00:00:00 UTC 2019	Wed, 01 Sep 2021 22:03:05 -0000	Pak Christine	Pediatric	https://actionability.clinicalgenome.org/ac/Pediatric/api/sepio/doc/AC077	1.1.4	MEN1	613733	Multiple Endocrine Neoplasia Type I	131100	0007540	Strong Actionability	Complete	Released	Complete
AC069	/AC069	Wed Sep 15 22:19:57 UTC 2021	Wed, 15 Sep 2021 22:31:41 -0000	Pak Christine	Pediatric	https://actionability.clinicalgenome.org/ac/Pediatric/api/sepio/doc/AC069	1.0.0	EPCAM	185535	Lynch Syndrome	613244	0013196	N/A - Insufficient evidence: early rule-out	Incomplete	Released	Failed
AC069	/AC069	Wed Sep 15 22:19:57 UTC 2021	Wed, 15 Sep 2021 22:31:41 -0000	Pak Christine	Pediatric	https://actionability.clinicalgenome.org/ac/Pediatric/api/sepio/doc/AC069	1.0.0	MLH1	120436	Lynch Syndrome	609310	0012249	N/A - Insufficient evidence: early rule-out	Incomplete	Released	Failed
AC069	/AC069	Wed Sep 15 22:19:57 UTC 2021	Wed, 15 Sep 2021 22:31:41 -0000	Pak Christine	Pediatric	https://actionability.clinicalgenome.org/ac/Pediatric/api/sepio/doc/AC069	1.0.0	MSH2	609309	Lynch Syndrome	120435	0007356	N/A - Insufficient evidence: early rule-out	Incomplete	Released	Failed
AC069	/AC069	Wed Sep 15 22:19:57 UTC 2021	Wed, 15 Sep 2021 22:31:41 -0000	Pak Christine	Pediatric	https://actionability.clinicalgenome.org/ac/Pediatric/api/sepio/doc/AC069	1.0.0	MSH6	600678	Lynch Syndrome	614350	0013710	N/A - Insufficient evidence: early rule-out	Incomplete	Released	Failed
AC069	/AC069	Wed Sep 15 22:19:57 UTC 2021	Wed, 15 Sep 2021 22:31:41 -0000	Pak Christine	Pediatric	https://actionability.clinicalgenome.org/ac/Pediatric/api/sepio/doc/AC069	1.0.0	PMS2	600259	Lynch Syndrome	614337	0013699	N/A - Insufficient evidence: early rule-out	Incomplete	Released	Failed
AC003	/AC003	Thu May 17 00:00:00 UTC 2018	Wed, 15 Sep 2021 23:30:09 -0000	Jenkins Charisma	Pediatric	https://actionability.clinicalgenome.org/ac/Pediatric/api/sepio/doc/AC003	1.2.2	WT1	607102	Wilms tumor	194070	0008679	Assertion Pending	Complete	Released	Complete
AC002	/AC002	Wed May 29 00:00:00 UTC 2019	Thu, 12 Aug 2021 23:27:02 -0000	Jenkins Charisma	Pediatric	https://actionability.clinicalgenome.org/ac/Pediatric/api/sepio/doc/AC002	1.1.3	DICER1	606241	DICER1-Related Disorders	138800	0017288	Moderate Actionability	Complete	Released	Complete
AC002	/AC002	Wed May 29 00:00:00 UTC 2019	Thu, 12 Aug 2021 23:27:02 -0000	Jenkins Charisma	Pediatric	https://actionability.clinicalgenome.org/ac/Pediatric/api/sepio/doc/AC002	1.1.3	DICER1	606241	DICER1-Related Disorders	180295	0017288	Moderate Actionability	Complete	Released	Complete
AC002	/AC002	Wed May 29 00:00:00 UTC 2019	Thu, 12 Aug 2021 23:27:02 -0000	Jenkins Charisma	Pediatric	https://actionability.clinicalgenome.org/ac/Pediatric/api/sepio/doc/AC002	1.1.3	DICER1	606241	DICER1-Related Disorders	601200	0017288	Moderate Actionability	Complete	Released	Complete
AC057	/AC057	Mon Aug 03 00:00:00 UTC 2020	Tue, 04 May 2021 22:22:03 -0000	Pak Christine	Pediatric	https://actionability.clinicalgenome.org/ac/Pediatric/api/sepio/doc/AC057	1.0.1	APOB	107730	Heterozygous Familial Hypercholesterolemia	144010	0007751	Strong Actionability	Complete	Released	Complete
AC057	/AC057	Mon Aug 03 00:00:00 UTC 2020	Tue, 04 May 2021 22:22:03 -0000	Pak Christine	Pediatric	https://actionability.clinicalgenome.org/ac/Pediatric/api/sepio/doc/AC057	1.0.1	LDLR	606945	Heterozygous Familial Hypercholesterolemia	143890	0007750	Strong Actionability	Complete	Released	Complete
AC057	/AC057	Mon Aug 03 00:00:00 UTC 2020	Tue, 04 May 2021 22:22:03 -0000	Pak Christine	Pediatric	https://actionability.clinicalgenome.org/ac/Pediatric/api/sepio/doc/AC057	1.0.1	PCSK9	607786	Heterozygous Familial Hypercholesterolemia	603776	0011369	Strong Actionability	Complete	Released	Complete
AC1014	/AC1014	Mon Jun 29 00:00:00 UTC 2020	Wed, 05 May 2021 23:46:21 -0000	Pak Christine	Pediatric	https://actionability.clinicalgenome.org/ac/Pediatric/api/sepio/doc/AC1014	1.0.2	OAT	613349	Gyrate Atrophy	258870	0009796	Moderate Actionability	Complete	Released	Complete
AC005	/AC005	Mon Jul 09 00:00:00 UTC 2018	Wed, 20 Oct 2021 21:28:46 -0000	Pak Christine	Pediatric	https://actionability.clinicalgenome.org/ac/Pediatric/api/sepio/doc/AC005	1.2.3	SLC39A4	607059	Acrodermatitis enteropathica, zinc-deficiency type	201100	0008713	Strong Actionability	Complete	Released	Complete
AC004	/AC004	Thu Jul 05 00:00:00 UTC 2018	Thu, 16 Apr 2020 17:16:34 -0000	Mittendorf Kathleen	Pediatric	https://actionability.clinicalgenome.org/ac/Pediatric/api/sepio/doc/AC004	1.1.2	ALPL	171760	Hypophosphatasia	241500	0009427	Assertion Pending	Incomplete	Released	Complete
AC004	/AC004	Thu Jul 05 00:00:00 UTC 2018	Thu, 16 Apr 2020 17:16:34 -0000	Mittendorf Kathleen	Pediatric	https://actionability.clinicalgenome.org/ac/Pediatric/api/sepio/doc/AC004	1.1.2	ALPL	171760	Hypophosphatasia	241510	0009428	Assertion Pending	Incomplete	Released	Complete
AC007	/AC007	Tue Nov 27 00:00:00 UTC 2018	Wed, 17 Nov 2021 23:36:31 -0000	Pak Christine	Pediatric	https://actionability.clinicalgenome.org/ac/Pediatric/api/sepio/doc/AC007	1.2.2	CTNS	606272	Cystinosis	219800	0016239	Moderate Actionability	Complete	Released	Incomplete
AC047	/AC047	Wed Dec 11 00:00:00 UTC 2019	Wed, 05 May 2021 23:40:52 -0000	Pak Christine	Pediatric	https://actionability.clinicalgenome.org/ac/Pediatric/api/sepio/doc/AC047	1.0.1	GLA	300644	Fabry Disease	301500	0010526	Moderate Actionability	Complete	Released	Complete
AC009	/AC009	Mon Nov 05 00:00:00 UTC 2018	Sat, 02 May 2020 03:16:20 -0000	Jenkins Charisma	Pediatric	https://actionability.clinicalgenome.org/ac/Pediatric/api/sepio/doc/AC009	1.2.1	PHEX	300550	Hypophosphatemic rickets, X-linked dominant	307800	0010619	Assertion Pending	Incomplete	Released	Complete
AC134	/AC134	Fri Mar 01 00:00:00 UTC 2019	Wed, 04 Aug 2021 21:11:19 -0000	Pak Christine	Pediatric	https://actionability.clinicalgenome.org/ac/Pediatric/api/sepio/doc/AC134	1.0.3	ACTA2	102620	Familial thoracic aortic aneurysms and dissections (FTAAD)	611788	0019625	Strong Actionability	Complete	Released	Complete
AC134	/AC134	Fri Mar 01 00:00:00 UTC 2019	Wed, 04 Aug 2021 21:11:19 -0000	Pak Christine	Pediatric	https://actionability.clinicalgenome.org/ac/Pediatric/api/sepio/doc/AC134	1.0.3	FBN1	134797	Familial thoracic aortic aneurysms and dissections (FTAAD)	154700	0019625	Strong Actionability	Complete	Released	Complete
AC134	/AC134	Fri Mar 01 00:00:00 UTC 2019	Wed, 04 Aug 2021 21:11:19 -0000	Pak Christine	Pediatric	https://actionability.clinicalgenome.org/ac/Pediatric/api/sepio/doc/AC134	1.0.3	LOX	153455	Familial thoracic aortic aneurysms and dissections (FTAAD)	617168	0019625	Strong Actionability	Complete	Released	Complete
AC134	/AC134	Fri Mar 01 00:00:00 UTC 2019	Wed, 04 Aug 2021 21:11:19 -0000	Pak Christine	Pediatric	https://actionability.clinicalgenome.org/ac/Pediatric/api/sepio/doc/AC134	1.0.3	MYH11	160745	Familial thoracic aortic aneurysms and dissections (FTAAD)	132900	0019625	Strong Actionability	Complete	Released	Complete
AC134	/AC134	Fri Mar 01 00:00:00 UTC 2019	Wed, 04 Aug 2021 21:11:19 -0000	Pak Christine	Pediatric	https://actionability.clinicalgenome.org/ac/Pediatric/api/sepio/doc/AC134	1.0.3	PRKG1	176894	Familial thoracic aortic aneurysms and dissections (FTAAD)	615436	0019625	Strong Actionability	Complete	Released	Complete
AC134	/AC134	Fri Mar 01 00:00:00 UTC 2019	Wed, 04 Aug 2021 21:11:19 -0000	Pak Christine	Pediatric	https://actionability.clinicalgenome.org/ac/Pediatric/api/sepio/doc/AC134	1.0.3	SMAD3	603109	Familial thoracic aortic aneurysms and dissections (FTAAD)	613795	0019625	Strong Actionability	Complete	Released	Complete
AC134	/AC134	Fri Mar 01 00:00:00 UTC 2019	Wed, 04 Aug 2021 21:11:19 -0000	Pak Christine	Pediatric	https://actionability.clinicalgenome.org/ac/Pediatric/api/sepio/doc/AC134	1.0.3	TGFB2	190220	Familial thoracic aortic aneurysms and dissections (FTAAD)	614816	0019625	Strong Actionability	Complete	Released	Complete
AC134	/AC134	Fri Mar 01 00:00:00 UTC 2019	Wed, 04 Aug 2021 21:11:19 -0000	Pak Christine	Pediatric	https://actionability.clinicalgenome.org/ac/Pediatric/api/sepio/doc/AC134	1.0.3	TGFBR1	190181	Familial thoracic aortic aneurysms and dissections (FTAAD)	609192	0019625	Strong Actionability	Complete	Released	Complete
AC134	/AC134	Fri Mar 01 00:00:00 UTC 2019	Wed, 04 Aug 2021 21:11:19 -0000	Pak Christine	Pediatric	https://actionability.clinicalgenome.org/ac/Pediatric/api/sepio/doc/AC134	1.0.3	TGFBR2	190182	Familial thoracic aortic aneurysms and dissections (FTAAD)	610168	0019625	Strong Actionability	Complete	Released	Complete
AC114	/AC114	Thu Nov 18 04:23:26 UTC 2021	Thu, 18 Nov 2021 04:24:58 -0000	Pak Christine	Pediatric	https://actionability.clinicalgenome.org/ac/Pediatric/api/sepio/doc/AC114	1.0.0	HFE	613609	Hemochromatosis, Type 1	235200	0021001	N/A - Insufficient evidence: early rule-out	Incomplete	Released	Failed
AC131	/AC131	Wed Aug 28 00:00:00 UTC 2019	Thu, 16 Sep 2021 21:04:14 -0000	Wallace Kathleen	Pediatric	https://actionability.clinicalgenome.org/ac/Pediatric/api/sepio/doc/AC131	1.0.2	KCNH2	152427	Long QT Syndrome, types 1, 2, and 3	613688	0013367	Strong Actionability	Complete	Released	Complete
AC131	/AC131	Wed Aug 28 00:00:00 UTC 2019	Thu, 16 Sep 2021 21:04:14 -0000	Wallace Kathleen	Pediatric	https://actionability.clinicalgenome.org/ac/Pediatric/api/sepio/doc/AC131	1.0.2	KCNQ1	607542	Long QT Syndrome, types 1, 2, and 3	192500	0100316	Strong Actionability	Complete	Released	Complete
AC131	/AC131	Wed Aug 28 00:00:00 UTC 2019	Thu, 16 Sep 2021 21:04:14 -0000	Wallace Kathleen	Pediatric	https://actionability.clinicalgenome.org/ac/Pediatric/api/sepio/doc/AC131	1.0.2	SCN5A	600163	Long QT Syndrome, types 1, 2, and 3	603830	0011377	Strong Actionability	Complete	Released	Complete
AC1008	/AC1008	Mon Oct 28 00:00:00 UTC 2019	Mon, 29 Mar 2021 22:02:25 -0000	Pak Christine	Pediatric	https://actionability.clinicalgenome.org/ac/Pediatric/api/sepio/doc/AC1008	1.0.2	BRCA2	600185	Fanconi Anemia	605724	0009215	Moderate Actionability	Complete	Released	Complete
AC1008	/AC1008	Mon Oct 28 00:00:00 UTC 2019	Mon, 29 Mar 2021 22:02:25 -0000	Pak Christine	Pediatric	https://actionability.clinicalgenome.org/ac/Pediatric/api/sepio/doc/AC1008	1.0.2	BRIP1	605882	Fanconi Anemia	609054	0013565	Moderate Actionability	Complete	Released	Complete
AC1008	/AC1008	Mon Oct 28 00:00:00 UTC 2019	Mon, 29 Mar 2021 22:02:25 -0000	Pak Christine	Pediatric	https://actionability.clinicalgenome.org/ac/Pediatric/api/sepio/doc/AC1008	1.0.2	FANCA	607139	Fanconi Anemia	227650	0011584	Moderate Actionability	Complete	Released	Complete
AC1008	/AC1008	Mon Oct 28 00:00:00 UTC 2019	Mon, 29 Mar 2021 22:02:25 -0000	Pak Christine	Pediatric	https://actionability.clinicalgenome.org/ac/Pediatric/api/sepio/doc/AC1008	1.0.2	FANCC	613899	Fanconi Anemia	613899	0009213	Moderate Actionability	Complete	Released	Complete
AC1008	/AC1008	Mon Oct 28 00:00:00 UTC 2019	Mon, 29 Mar 2021 22:02:25 -0000	Pak Christine	Pediatric	https://actionability.clinicalgenome.org/ac/Pediatric/api/sepio/doc/AC1008	1.0.2	FANCG	602956	Fanconi Anemia	614082	0009213	Moderate Actionability	Complete	Released	Complete
AC1008	/AC1008	Mon Oct 28 00:00:00 UTC 2019	Mon, 29 Mar 2021 22:02:25 -0000	Pak Christine	Pediatric	https://actionability.clinicalgenome.org/ac/Pediatric/api/sepio/doc/AC1008	1.0.2	PALB2	610355	Fanconi Anemia	610832	0012565	Moderate Actionability	Complete	Released	Complete
AC006	/AC006	Wed Aug 08 00:00:00 UTC 2018	Tue, 28 Apr 2020 22:02:35 -0000	Gilmore Mari	Pediatric	https://actionability.clinicalgenome.org/ac/Pediatric/api/sepio/doc/AC006	1.1.2	IDUA	252800	Mucopolysaccharidosis type I	607014	0011758	Assertion Pending	Incomplete	Released	Complete
AC006	/AC006	Wed Aug 08 00:00:00 UTC 2018	Tue, 28 Apr 2020 22:02:35 -0000	Gilmore Mari	Pediatric	https://actionability.clinicalgenome.org/ac/Pediatric/api/sepio/doc/AC006	1.1.2	IDUA	252800	Mucopolysaccharidosis type I	607015	0011759	Assertion Pending	Incomplete	Released	Complete
AC006	/AC006	Wed Aug 08 00:00:00 UTC 2018	Tue, 28 Apr 2020 22:02:35 -0000	Gilmore Mari	Pediatric	https://actionability.clinicalgenome.org/ac/Pediatric/api/sepio/doc/AC006	1.1.2	IDUA	252800	Mucopolysaccharidosis type I	607016	0011760	Assertion Pending	Incomplete	Released	Complete
AC1026	/AC1026	Tue Jun 01 00:00:00 UTC 2021	Wed, 15 Sep 2021 22:37:48 -0000	Pak Christine	Pediatric	https://actionability.clinicalgenome.org/ac/Pediatric/api/sepio/doc/AC1026	1.0.2	PPP1CB	600590	Noonan syndrome-like with loose anagen hair	617506	0011899	N/A - Insufficient evidence: early rule-out	Incomplete	Released	Failed
AC1026	/AC1026	Tue Jun 01 00:00:00 UTC 2021	Wed, 15 Sep 2021 22:37:48 -0000	Pak Christine	Pediatric	https://actionability.clinicalgenome.org/ac/Pediatric/api/sepio/doc/AC1026	1.0.2	SHOC2	602775	Noonan syndrome-like with loose anagen hair	607721	0011899	N/A - Insufficient evidence: early rule-out	Incomplete	Released	Failed
AC068	/AC068	Fri Mar 26 00:00:00 UTC 2021	Wed, 21 Jul 2021 23:22:08 -0000	Hunter Jessica	Pediatric	https://actionability.clinicalgenome.org/ac/Pediatric/api/sepio/doc/AC068	1.0.0	TP53	191170	Li-Fraumeni Syndrome	151623	0007903	Strong Actionability	Complete	Released	Complete
AC067	/AC067	Fri Mar 01 00:00:00 UTC 2019	Wed, 04 Aug 2021 21:12:21 -0000	Pak Christine	Pediatric	https://actionability.clinicalgenome.org/ac/Pediatric/api/sepio/doc/AC067	1.0.2	SMAD3	603109	Loeys-Dietz Syndrome	613795	0018954	Strong Actionability	Complete	Released	Complete
AC067	/AC067	Fri Mar 01 00:00:00 UTC 2019	Wed, 04 Aug 2021 21:12:21 -0000	Pak Christine	Pediatric	https://actionability.clinicalgenome.org/ac/Pediatric/api/sepio/doc/AC067	1.0.2	TGFB2	190220	Loeys-Dietz Syndrome	614816	0018954	Strong Actionability	Complete	Released	Complete
AC067	/AC067	Fri Mar 01 00:00:00 UTC 2019	Wed, 04 Aug 2021 21:12:21 -0000	Pak Christine	Pediatric	https://actionability.clinicalgenome.org/ac/Pediatric/api/sepio/doc/AC067	1.0.2	TGFB3	190230	Loeys-Dietz Syndrome	615582	0018954	Strong Actionability	Complete	Released	Complete
AC067	/AC067	Fri Mar 01 00:00:00 UTC 2019	Wed, 04 Aug 2021 21:12:21 -0000	Pak Christine	Pediatric	https://actionability.clinicalgenome.org/ac/Pediatric/api/sepio/doc/AC067	1.0.2	TGFBR1	190181	Loeys-Dietz Syndrome	609192	0018954	Strong Actionability	Complete	Released	Complete
AC067	/AC067	Fri Mar 01 00:00:00 UTC 2019	Wed, 04 Aug 2021 21:12:21 -0000	Pak Christine	Pediatric	https://actionability.clinicalgenome.org/ac/Pediatric/api/sepio/doc/AC067	1.0.2	TGFBR2	190182	Loeys-Dietz Syndrome	610168	0018954	Strong Actionability	Complete	Released	Complete
AC132	/AC132	Wed Sep 02 00:00:00 UTC 2020	Tue, 30 Mar 2021 00:39:43 -0000	Pak Christine	Pediatric	https://actionability.clinicalgenome.org/ac/Pediatric/api/sepio/doc/AC132	1.0.0	COL3A1	120180	Vascular Ehlers-Danlos Syndrome	130050	0017314	Moderate Actionability	Complete	Released	Complete
AC008	/AC008	Thu Nov 01 00:00:00 UTC 2018	Wed, 17 Nov 2021 23:41:06 -0000	Pak Christine	Pediatric	https://actionability.clinicalgenome.org/ac/Pediatric/api/sepio/doc/AC008	1.2.3	ALDOB	612724	Hereditary fructose intolerance	229600	0009249	Strong Actionability	Complete	Released	Complete
AC157	/AC157	Mon Sep 17 00:00:00 UTC 2018	Wed, 06 Oct 2021 21:36:52 -0000	Pak Christine	Pediatric	https://actionability.clinicalgenome.org/ac/Pediatric/api/sepio/doc/AC157	1.1.4	CP	117700	Aceruloplasminemia	604290	0011426	Strong Actionability	Complete	Released	Complete
AC042	/AC042	Thu Mar 11 00:00:00 UTC 2021	Mon, 20 Sep 2021 22:21:55 -0000	Gilmore Mari	Pediatric	https://actionability.clinicalgenome.org/ac/Pediatric/api/sepio/doc/AC042	1.0.0	CALM1	114180	Catecholaminergic Polymorphic Ventricular Tachycardia	614916	0013966	Strong Actionability	Complete	Released	Complete
AC042	/AC042	Thu Mar 11 00:00:00 UTC 2021	Mon, 20 Sep 2021 22:21:55 -0000	Gilmore Mari	Pediatric	https://actionability.clinicalgenome.org/ac/Pediatric/api/sepio/doc/AC042	1.0.0	CALM2	114182	Catecholaminergic Polymorphic Ventricular Tachycardia	616249	0017990	Strong Actionability	Complete	Released	Complete
AC042	/AC042	Thu Mar 11 00:00:00 UTC 2021	Mon, 20 Sep 2021 22:21:55 -0000	Gilmore Mari	Pediatric	https://actionability.clinicalgenome.org/ac/Pediatric/api/sepio/doc/AC042	1.0.0	CALM3	114183	Catecholaminergic Polymorphic Ventricular Tachycardia	618782	0032915	Strong Actionability	Complete	Released	Complete
AC042	/AC042	Thu Mar 11 00:00:00 UTC 2021	Mon, 20 Sep 2021 22:21:55 -0000	Gilmore Mari	Pediatric	https://actionability.clinicalgenome.org/ac/Pediatric/api/sepio/doc/AC042	1.0.0	CASQ2	114251	Catecholaminergic Polymorphic Ventricular Tachycardia	611938	0012762	Strong Actionability	Complete	Released	Complete
AC042	/AC042	Thu Mar 11 00:00:00 UTC 2021	Mon, 20 Sep 2021 22:21:55 -0000	Gilmore Mari	Pediatric	https://actionability.clinicalgenome.org/ac/Pediatric/api/sepio/doc/AC042	1.0.0	RYR2	180902	Catecholaminergic Polymorphic Ventricular Tachycardia	604772	0011484	Strong Actionability	Complete	Released	Complete
AC042	/AC042	Thu Mar 11 00:00:00 UTC 2021	Mon, 20 Sep 2021 22:21:55 -0000	Gilmore Mari	Pediatric	https://actionability.clinicalgenome.org/ac/Pediatric/api/sepio/doc/AC042	1.0.0	TECRL	617242	Catecholaminergic Polymorphic Ventricular Tachycardia	614021	0013529	Strong Actionability	Complete	Released	Complete
AC042	/AC042	Thu Mar 11 00:00:00 UTC 2021	Mon, 20 Sep 2021 22:21:55 -0000	Gilmore Mari	Pediatric	https://actionability.clinicalgenome.org/ac/Pediatric/api/sepio/doc/AC042	1.0.0	TRDN	603283	Catecholaminergic Polymorphic Ventricular Tachycardia	615441	0014191	Strong Actionability	Complete	Released	Complete
AC1027	/AC1027	Mon Jun 21 00:00:00 UTC 2021	Tue, 21 Sep 2021 16:52:45 -0000	Pak Christine	Pediatric	https://actionability.clinicalgenome.org/ac/Pediatric/api/sepio/doc/AC1027	1.0.1	GBA	606463	Early-Onset and Late-Onset Adult Monogenic Parkinson Disease	168600		N/A - Insufficient evidence: early rule-out	Incomplete	Released	Failed
AC1027	/AC1027	Mon Jun 21 00:00:00 UTC 2021	Tue, 21 Sep 2021 16:52:45 -0000	Pak Christine	Pediatric	https://actionability.clinicalgenome.org/ac/Pediatric/api/sepio/doc/AC1027	1.0.1	LRRK2	609007	Early-Onset and Late-Onset Adult Monogenic Parkinson Disease	607060	0011764	N/A - Insufficient evidence: early rule-out	Incomplete	Released	Failed
AC1027	/AC1027	Mon Jun 21 00:00:00 UTC 2021	Tue, 21 Sep 2021 16:52:45 -0000	Pak Christine	Pediatric	https://actionability.clinicalgenome.org/ac/Pediatric/api/sepio/doc/AC1027	1.0.1	PARK2	602544	Early-Onset and Late-Onset Adult Monogenic Parkinson Disease	600116	0010820	N/A - Insufficient evidence: early rule-out	Incomplete	Released	Failed
AC1027	/AC1027	Mon Jun 21 00:00:00 UTC 2021	Tue, 21 Sep 2021 16:52:45 -0000	Pak Christine	Pediatric	https://actionability.clinicalgenome.org/ac/Pediatric/api/sepio/doc/AC1027	1.0.1	PARK7	602533	Early-Onset and Late-Onset Adult Monogenic Parkinson Disease	606324	0011658	N/A - Insufficient evidence: early rule-out	Incomplete	Released	Failed
AC1027	/AC1027	Mon Jun 21 00:00:00 UTC 2021	Tue, 21 Sep 2021 16:52:45 -0000	Pak Christine	Pediatric	https://actionability.clinicalgenome.org/ac/Pediatric/api/sepio/doc/AC1027	1.0.1	PINK1	608309	Early-Onset and Late-Onset Adult Monogenic Parkinson Disease	605909	0011613	N/A - Insufficient evidence: early rule-out	Incomplete	Released	Failed
AC1027	/AC1027	Mon Jun 21 00:00:00 UTC 2021	Tue, 21 Sep 2021 16:52:45 -0000	Pak Christine	Pediatric	https://actionability.clinicalgenome.org/ac/Pediatric/api/sepio/doc/AC1027	1.0.1	SNCA	163890	Early-Onset and Late-Onset Adult Monogenic Parkinson Disease	168601	0008200	N/A - Insufficient evidence: early rule-out	Incomplete	Released	Failed
AC1027	/AC1027	Mon Jun 21 00:00:00 UTC 2021	Tue, 21 Sep 2021 16:52:45 -0000	Pak Christine	Pediatric	https://actionability.clinicalgenome.org/ac/Pediatric/api/sepio/doc/AC1027	1.0.1	VPS13C	608879	Early-Onset and Late-Onset Adult Monogenic Parkinson Disease	616840	0014796	N/A - Insufficient evidence: early rule-out	Incomplete	Released	Failed
AC1027	/AC1027	Mon Jun 21 00:00:00 UTC 2021	Tue, 21 Sep 2021 16:52:45 -0000	Pak Christine	Pediatric	https://actionability.clinicalgenome.org/ac/Pediatric/api/sepio/doc/AC1027	1.0.1	VPS35	601501	Early-Onset and Late-Onset Adult Monogenic Parkinson Disease	614203	0013625	N/A - Insufficient evidence: early rule-out	Incomplete	Released	Failed
AC065	/AC065	Mon Aug 03 00:00:00 UTC 2020	Tue, 04 May 2021 22:25:07 -0000	Pak Christine	Pediatric	https://actionability.clinicalgenome.org/ac/Pediatric/api/sepio/doc/AC065	1.0.1	APOB	107730	Homozygous Familial Hypercholesterolemia	144010	0007751	Strong Actionability	Complete	Released	Complete
AC065	/AC065	Mon Aug 03 00:00:00 UTC 2020	Tue, 04 May 2021 22:25:07 -0000	Pak Christine	Pediatric	https://actionability.clinicalgenome.org/ac/Pediatric/api/sepio/doc/AC065	1.0.1	LDLR	606945	Homozygous Familial Hypercholesterolemia	143890	0007750	Strong Actionability	Complete	Released	Complete
AC065	/AC065	Mon Aug 03 00:00:00 UTC 2020	Tue, 04 May 2021 22:25:07 -0000	Pak Christine	Pediatric	https://actionability.clinicalgenome.org/ac/Pediatric/api/sepio/doc/AC065	1.0.1	PCSK9	607786	Homozygous Familial Hypercholesterolemia	603776	0011369	Strong Actionability	Complete	Released	Complete
AC1023	/AC1023	Tue Mar 02 00:00:00 UTC 2021	Wed, 02 Jun 2021 21:07:31 -0000	Hunter Jessica	Pediatric	https://actionability.clinicalgenome.org/ac/Pediatric/api/sepio/doc/AC1023	1.0.0	PTPN11	176876	Noonan Syndrome with Multiple Lentigines	176876	0007893	Limited Actionability	Complete	Released	Complete
AC021	/AC021	Wed Mar 31 00:00:00 UTC 2021	Wed, 05 May 2021 23:51:18 -0000	Pak Christine	Pediatric	https://actionability.clinicalgenome.org/ac/Pediatric/api/sepio/doc/AC021	1.0.1	NF2	607379	Neurofibromatosis Type II	101000	0007039	Strong Actionability	Complete	Released	Complete
AC122	/AC122	Wed Jun 26 00:00:00 UTC 2019	Tue, 28 Apr 2020 21:58:25 -0000	Gilmore Mari	Pediatric	https://actionability.clinicalgenome.org/ac/Pediatric/api/sepio/doc/AC122	1.0.1	MCEE	608419	Methylmalonic Acidemia	251120	0009615	Assertion Pending	Incomplete	Released	Complete
AC122	/AC122	Wed Jun 26 00:00:00 UTC 2019	Tue, 28 Apr 2020 21:58:25 -0000	Gilmore Mari	Pediatric	https://actionability.clinicalgenome.org/ac/Pediatric/api/sepio/doc/AC122	1.0.1	MMAA	607481	Methylmalonic Acidemia	251100	0009613	Assertion Pending	Incomplete	Released	Complete
AC122	/AC122	Wed Jun 26 00:00:00 UTC 2019	Tue, 28 Apr 2020 21:58:25 -0000	Gilmore Mari	Pediatric	https://actionability.clinicalgenome.org/ac/Pediatric/api/sepio/doc/AC122	1.0.1	MMAB	607568	Methylmalonic Acidemia	251110	0009614	Assertion Pending	Incomplete	Released	Complete
AC122	/AC122	Wed Jun 26 00:00:00 UTC 2019	Tue, 28 Apr 2020 21:58:25 -0000	Gilmore Mari	Pediatric	https://actionability.clinicalgenome.org/ac/Pediatric/api/sepio/doc/AC122	1.0.1	MMADHC	611935	Methylmalonic Acidemia	277410	0010185	Assertion Pending	Incomplete	Released	Complete
AC122	/AC122	Wed Jun 26 00:00:00 UTC 2019	Tue, 28 Apr 2020 21:58:25 -0000	Gilmore Mari	Pediatric	https://actionability.clinicalgenome.org/ac/Pediatric/api/sepio/doc/AC122	1.0.1	MUT	609058	Methylmalonic Acidemia	251000	0009612	Assertion Pending	Incomplete	Released	Complete
AC1017	/AC1017	Mon Oct 26 00:00:00 UTC 2020	Sat, 30 Jan 2021 00:00:41 -0000	Hunter Jessica	Pediatric	https://actionability.clinicalgenome.org/ac/Pediatric/api/sepio/doc/AC1017	1.0.0	ASS1	603470	Citrullinemia	215700	0008988	Strong Actionability	Complete	Released	Complete
AC070	/AC070	Mon Feb 10 00:00:00 UTC 2020	Wed, 19 Aug 2020 23:22:08 -0000	Pak Christine	Pediatric	https://actionability.clinicalgenome.org/ac/Pediatric/api/sepio/doc/AC070	1.0.1	MUTYH	604933	MUTYH-Associated Polyposis	608456	0012041	N/A - Insufficient evidence: early rule-out	Incomplete	Released	Failed
AC080	/AC080	Wed Mar 06 00:00:00 UTC 2019	Mon, 13 Sep 2021 19:52:11 -0000	Pak Christine	Pediatric	https://actionability.clinicalgenome.org/ac/Pediatric/api/sepio/doc/AC080	1.0.3	RET	164761	Multiple Endocrine Neoplasia IIA, Familial Medullary Thyroid Cancer	155240	0007958	Strong Actionability	Complete	Released	Complete
AC080	/AC080	Wed Mar 06 00:00:00 UTC 2019	Mon, 13 Sep 2021 19:52:11 -0000	Pak Christine	Pediatric	https://actionability.clinicalgenome.org/ac/Pediatric/api/sepio/doc/AC080	1.0.3	RET	164761	Multiple Endocrine Neoplasia IIA, Familial Medullary Thyroid Cancer	171400	0008234	Strong Actionability	Complete	Released	Complete
