allele	gene	feature	feature_type	consequence	symbol	biotype	amino_acids	codons	existing_variation	exon	intron	condel	splice_consensus	hgvsc	hgvsp	cds_position	protein_position	sift	polyphen	gmaf	aa_maf	ea_maf	afr_maf	amr_maf	eas_maf	eur_maf	sas_maf	loftool	exacpli	canonical	Chrom	Pos	SNP_ID	Variant_Quality	Filters	Genomic_Ref	Alt_Alleles	Allele_Counts	Genotype_Counts	carriers_pri	carriers_total	carriers_control
G	ENSG00000137959	ENST00000370751	Transcript	missense_variant	IFI44L	protein_coding	H/R	cAt/cGt	rs273259	02.Sep	NA	neutral(0.009)	NA	ENST00000370751.5:c.218A>G	ENSP00000359787.4:p.His73Arg	218	73	tolerated(0.51)	benign(0)	G:0.4449	G:0.3763	G:0.327	G:0.3608	G:0.3545	G:0.751	G:0.3449	G:0.41	0.922	0	YES	1	79093818	rs273259	139252.85	PASS	A	G	A=282;G=174	./.=1;A/A=92;A/G=98;G/G=38	78	136	58
A	ENSG00000137959	ENST00000370751	Transcript	missense_variant	IFI44L	protein_coding	A/T	Gca/Aca	rs34932081	02.Sep	NA	neutral(0.004)	NA	ENST00000370751.5:c.310G>A	ENSP00000359787.4:p.Ala104Thr	310	104	tolerated(0.63)	benign(0.006)	A:0.0383	A:0.01158	A:0.02734	A:0.0091	A:0.0144	A:0.0823	A:0.0388	A:0.0491	0.922	0	YES	1	79093910	rs34932081	9660.06	PASS	G	A	G=436;A=18	./.=2;G/G=210;G/A=16;A/A=1	12	17	5
T	ENSG00000137959	ENST00000370751	Transcript	missense_variant	IFI44L	protein_coding	R/C	Cgt/Tgt	rs273258&COSM682008	02.Sep	NA	neutral(0.056)	NA	ENST00000370751.5:c.442C>T	ENSP00000359787.4:p.Arg148Cys	442	148	tolerated(0.18)	benign(0.003)	T:0.0154	T:0.04633	T:0	T:0.0552	T:0.0014	T:0	T:0.001	T:0.002	0.922	0	YES	1	79094042	rs273258	210.1	PASS	C	T	C=441;T=1	./.=8;C/C=220;C/T=1	1	1	0
T	ENSG00000137959	ENST00000370751	Transcript	missense_variant	IFI44L	protein_coding	S/I	aGt/aTt	NA	04.Sep	NA	deleterious(0.832)	NA	ENST00000370751.5:c.635G>T	ENSP00000359787.4:p.Ser212Ile	635	212	deleterious(0)	probably_damaging(0.942)	NA	NA	NA	NA	NA	NA	NA	NA	0.922	0	YES	1	79095512	.	1319.72	PASS	G	T	G=455;T=1	./.=1;G/G=227;G/T=1	1	1	0
A	ENSG00000137959	ENST00000370751	Transcript	missense_variant	IFI44L	protein_coding	V/I	Gtc/Atc	rs3820093	04.Sep	NA	deleterious(0.536)	NA	ENST00000370751.5:c.649G>A	ENSP00000359787.4:p.Val217Ile	649	217	deleterious(0)	benign(0.297)	A:0.1464	A:0.07195	A:0.06849	A:0.0613	A:0.0591	A:0.4157	A:0.0686	A:0.1258	0.922	0	YES	1	79095526	rs3820093	48051.88	PASS	G	A	G=409;A=47	./.=1;G/G=186;G/A=37;A/A=5	25	42	17
C	ENSG00000137959	ENST00000370751	Transcript	missense_variant	IFI44L	protein_coding	I/T	aTc/aCc	rs987495	04.Sep	NA	neutral(0.000)	NA	ENST00000370751.5:c.704T>C	ENSP00000359787.4:p.Ile235Thr	704	235	tolerated(1)	benign(0)	C:0.2145	C:0.1448	C:0.2455	C:0.1195	C:0.2709	C:0.245	C:0.2505	C:0.2342	0.922	0	YES	1	79095581	rs987495	92602.4	PASS	T	C	T=344;C=112	./.=1;T/T=133;T/C=78;C/C=17	56	95	39
A	ENSG00000137959	ENST00000370751	Transcript	stop_gained	IFI44L	protein_coding	Y/*	taT/taA	rs115901054	05.Sep	NA	NA	NA	ENST00000370751.5:c.873T>A	ENSP00000359787.4:p.Tyr291Ter	873	291	NA	NA	A:0.0026	A:0.0009079	A:0.007907	A:0.0008	A:0.0014	A:0	A:0.0089	A:0.002	0.922	0	YES	1	79101171	rs115901054	2400.18	PASS	T	A	T=454;A=2	./.=1;T/T=226;T/A=2	2	2	0
T	ENSG00000137959	ENST00000370751	Transcript	missense_variant	IFI44L	protein_coding	R/C	Cgt/Tgt	rs1981071&COSM3677754&COSM3677755	06.Sep	NA	neutral(0.050)	NA	ENST00000370751.5:c.886C>T	ENSP00000359787.4:p.Arg296Cys	886	296	tolerated(0.19)	benign(0)	T:0.1300	T:0.05788	T:0.05279	T:0.0537	T:0.0519	T:0.4147	T:0.0487	T:0.0787	0.922	0	YES	1	79102726	rs1981071	30976.46	PASS	C	T	C=418;T=34	./.=3;C/C=195;C/T=28;T/T=3	17	31	14
T	ENSG00000137959	ENST00000370751	Transcript	missense_variant	IFI44L	protein_coding	M/I	atG/atT	rs35466823	08.Sep	NA	neutral(0.008)	NA	ENST00000370751.5:c.1170G>T	ENSP00000359787.4:p.Met390Ile	1170	390	tolerated(0.54)	benign(0.013)	T:0.0032	T:0.003633	T:0.01465	T:0.0008	T:0.0014	T:0	T:0.0139	T:0	0.922	0	YES	1	79107140	rs35466823	2158.94	PASS	G	T	G=452;T=4	./.=1;G/G=224;G/T=4	4	4	0
A	ENSG00000137959	ENST00000370751	Transcript	missense_variant	IFI44L	protein_coding	G/D	gGc/gAc	rs750594906	08.Sep	NA	neutral(0.302)	NA	ENST00000370751.5:c.1175G>A	ENSP00000359787.4:p.Gly392Asp	1175	392	tolerated(0.1)	benign(0.171)	NA	NA	NA	NA	NA	NA	NA	NA	0.922	0	YES	1	79107145	rs750594906	917.77	PASS	G	A	G=455;A=1	./.=1;G/G=227;G/A=1	1	1	0
C	ENSG00000137965	ENST00000370747	Transcript	missense_variant	IFI44	protein_coding	W/R	Tgg/Cgg	rs2070123	02.Sep	NA	deleterious(0.610)	NA	ENST00000370747.4:c.25T>C	ENSP00000359783.4:p.Trp9Arg	25	9	deleterious(0)	possibly_damaging(0.496)	C:0.1218	C:0.1339	C:0.08174	C:0.1346	C:0.1138	C:0.131	C:0.0775	C:0.1462	0.945	0	YES	1	79115905	rs2070123	50060.43	PASS	T	C	T=405;C=51	./.=1;T/T=180;T/C=45;C/C=3	24	48	24
A	ENSG00000137965	ENST00000370747	Transcript	frameshift_variant	IFI44	protein_coding	P/PX	cca/ccAa	rs544893099	02.Sep	NA	NA	NA	ENST00000370747.4:c.291dup	ENSP00000359783.4:p.Glu98ArgfsTer7	290-291	97	NA	NA	A:0.0006	A:0.0007032	A:0	A:0	A:0	A:0.003	A:0	A:0	0.945	0	YES	1	79116170	rs544893099	1102.15	PASS	C	CA	C=454;CA=2	./.=1;C/C=226;C/CA=2	2	2	0
A	ENSG00000137965	ENST00000370747	Transcript	missense_variant	IFI44	protein_coding	R/Q	cGa/cAa	rs115887090	06.Sep	NA	neutral(0.008)	NA	ENST00000370747.4:c.992G>A	ENSP00000359783.4:p.Arg331Gln	992	331	tolerated(0.63)	benign(0.068)	A:0.0056	A:0.008852	A:0.00407	A:0.0091	A:0.0014	A:0	A:0.003	A:0.0123	0.945	0	YES	1	79125148	rs115887090	2928.99	PASS	G	A	G=450;A=4	./.=2;G/G=223;G/A=4	2	4	2
T	ENSG00000117228	ENST00000370473	Transcript	missense_variant	GBP1	protein_coding	R/Q	cGa/cAa	rs149111792	11.Nov	NA	neutral(0.009)	NA	ENST00000370473.4:c.1754G>A	ENSP00000359504.4:p.Arg585Gln	1754	585	tolerated(0.51)	benign(0.003)	T:0.0010	T:0.001816	T:0.0002326	T:0.003	T:0	T:0	T:0.001	T:0	0.958	0	YES	1	89519063	rs149111792	1229.92	PASS	C	T	C=451;T=1	./.=3;C/C=225;C/T=1	1	1	0
A	ENSG00000117228	ENST00000370473	Transcript	missense_variant	GBP1	protein_coding	P/L	cCg/cTg	rs142020556&COSM4010431	08.Nov	NA	deleterious(0.806)	NA	ENST00000370473.4:c.1352C>T	ENSP00000359504.4:p.Pro451Leu	1352	451	deleterious(0)	possibly_damaging(0.908)	NA	A:0	A:0.0003488	NA	NA	NA	NA	NA	0.958	0	YES	1	89521715	rs142020556	5167.67	PASS	G	A	G=394;A=2	./.=31;G/G=196;G/A=2	1	2	1
G	ENSG00000117228	ENST00000370473	Transcript	missense_variant	GBP1	protein_coding	F/L	Ttt/Ctt	rs544489770	08.Nov	NA	neutral(0.243)	NA	ENST00000370473.4:c.1306T>C	ENSP00000359504.4:p.Phe436Leu	1306	436	tolerated(0.15)	benign(0.042)	G:0.0012	NA	NA	G:0	G:0	G:0.006	G:0	G:0	0.958	0	YES	1	89521761	rs544489770	2924.56	PASS	A	G	A=385;G=1	./.=36;A/A=192;A/G=1	1	1	0
C	ENSG00000117228	ENST00000370473	Transcript	missense_variant	GBP1	protein_coding	A/G	gCt/gGt	rs1048443	08.Nov	NA	deleterious(0.643)	NA	ENST00000370473.4:c.1226C>G	ENSP00000359504.4:p.Ala409Gly	1226	409	deleterious(0.01)	possibly_damaging(0.672)	C:0.3558	C:0.5209	C:0.2952	C:0.5749	C:0.3055	C:0.2014	C:0.3022	C:0.3098	0.958	0	YES	1	89521841	rs1048443	266475.04	PASS	G	C	G=269;C=115	./.=37;G/G=96;G/C=77;C/C=19	46	96	50
T	ENSG00000117228	ENST00000370473	Transcript	missense_variant	GBP1	protein_coding	Q/K	Caa/Aaa	rs148526074	06.Nov	NA	deleterious(0.576)	NA	ENST00000370473.4:c.793C>A	ENSP00000359504.4:p.Gln265Lys	793	265	deleterious(0.03)	possibly_damaging(0.611)	T:0.0050	T:0.006128	T:0.02581	T:0.0015	T:0.0072	T:0	T:0.0179	T:0	0.958	0	YES	1	89523756	rs148526074	10662.8	PASS	G	T	G=442;T=14	./.=1;G/G=214;G/T=14	8	14	6
G	ENSG00000117228	ENST00000370473	Transcript	missense_variant	GBP1	protein_coding	Q/H	caG/caC	rs144022371	06.Nov	NA	neutral(0.002)	NA	ENST00000370473.4:c.747G>C	ENSP00000359504.4:p.Gln249His	747	249	tolerated(0.72)	benign(0.007)	NA	G:0.001135	G:0	NA	NA	NA	NA	NA	0.958	0	YES	1	89523802	rs144022371	5081.31	PASS	C	G	C=451;G=5	./.=1;C/C=223;C/G=5	5	5	0
T	ENSG00000117228	ENST00000370473	Transcript	missense_variant	GBP1	protein_coding	S/N	aGt/aAt	rs75161612	06.Nov	NA	neutral(0.000)	NA	ENST00000370473.4:c.638G>A	ENSP00000359504.4:p.Ser213Asn	638	213	tolerated(1)	benign(0.003)	T:0.0182	T:0.006812	T:0.02558	T:0.0053	T:0.0159	T:0	T:0.0298	T:0.044	0.958	0	YES	1	89523911	rs75161612	5688.71	PASS	C	T	C=445;T=11	./.=1;C/C=217;C/T=11	2	11	9
G	ENSG00000117228	ENST00000370473	Transcript	missense_variant	GBP1	protein_coding	E/D	gaG/gaC	rs17130717	05.Nov	NA	neutral(0.021)	NA	ENST00000370473.4:c.498G>C	ENSP00000359504.4:p.Glu166Asp	498	166	tolerated(0.35)	benign(0.009)	G:0.0090	G:0.005901	G:0.03279	G:0	G:0.0159	G:0	G:0.0268	G:0.0072	0.958	0	YES	1	89524657	rs17130717	15079.59	PASS	C	G	C=442;G=14	./.=1;C/C=215;C/G=12;G/G=1	6	13	7
T	ENSG00000117228	ENST00000370473	Transcript	missense_variant	GBP1	protein_coding	E/K	Gag/Aag	rs775786178	05.Nov	NA	neutral(0.007)	NA	ENST00000370473.4:c.484G>A	ENSP00000359504.4:p.Glu162Lys	484	162	tolerated(0.63)	benign(0.049)	NA	NA	NA	NA	NA	NA	NA	NA	0.958	0	YES	1	89524671	rs775786178	883.73	PASS	C	T	C=455;T=1	./.=1;C/C=227;C/T=1	1	1	0
T	ENSG00000117228	ENST00000370473	Transcript	missense_variant	GBP1	protein_coding	V/I	Gtc/Atc	rs368835338	04.Nov	NA	neutral(0.004)	NA	ENST00000370473.4:c.358G>A	ENSP00000359504.4:p.Val120Ile	358	120	tolerated(0.6)	benign(0.007)	NA	T:0.000227	T:0	NA	NA	NA	NA	NA	0.958	0	YES	1	89525070	rs368835338	913.75	PASS	C	T	C=455;T=1	./.=1;C/C=227;C/T=1	1	1	0
C	ENSG00000117228	ENST00000370473	Transcript	missense_variant	GBP1	protein_coding	I/V	Atc/Gtc	rs1048401	03.Nov	NA	deleterious(0.858)	NA	ENST00000370473.4:c.232A>G	ENSP00000359504.4:p.Ile78Val	232	78	deleterious(0.01)	probably_damaging(0.994)	C:0.0443	C:0.0177	C:0.03407	C:0.0083	C:0.2075	C:0.001	C:0.0358	C:0.0307	0.958	0	YES	1	89525966	rs1048401	5204.66	PASS	T	C	T=446;C=10	./.=1;T/T=218;T/C=10	5	10	5
A	ENSG00000117228	ENST00000370473	Transcript	stop_gained	GBP1	protein_coding	R/*	Cga/Tga	rs144605860	02.Nov	NA	NA	NA	ENST00000370473.4:c.58C>T	ENSP00000359504.4:p.Arg20Ter	58	20	NA	NA	A:0.0016	A:0	A:0.0001163	A:0	A:0	A:0.0079	A:0	A:0	0.958	0	YES	1	89528860	rs144605860	686.72	PASS	G	A	G=455;A=1	./.=1;G/G=227;G/A=1	1	1	0
G	ENSG00000154451	ENST00000343435	Transcript	missense_variant	GBP5	protein_coding	I/T	aTt/aCt	rs767496198	08.Dec	NA	neutral(0.378)	NA	ENST00000343435.5:c.1088T>C	ENSP00000340396.5:p.Ile363Thr	1088	363	tolerated(0.11)	benign(0.337)	NA	NA	NA	NA	NA	NA	NA	NA	0.969	0	YES	1	89730430	rs767496198	3486.76	PASS	A	G	A=455;G=1	./.=1;A/A=227;A/G=1	1	1	0
A	ENSG00000154451	ENST00000343435	Transcript	missense_variant	GBP5	protein_coding	T/M	aCg/aTg	rs3806339	03.Dec	NA	neutral(0.335)	NA	ENST00000343435.5:c.104C>T	ENSP00000340396.5:p.Thr35Met	104	35	tolerated(0.06)	benign(0.142)	A:0.0258	A:0.001135	A:0.0003488	A:0	A:0.0245	A:0.1081	A:0	A:0.0031	0.969	0	YES	1	89735135	rs3806339	6037.3	PASS	G	A	G=451;A=5	./.=1;G/G=223;G/A=5	4	5	1
T	ENSG00000154451	ENST00000343435	Transcript	missense_variant	GBP5	protein_coding	D/E	gaC/gaA	rs374743187&COSM6127916	03.Dec	NA	neutral(0.003)	NA	ENST00000343435.5:c.27C>A	ENSP00000340396.5:p.Asp9Glu	27	9	tolerated(0.67)	benign(0)	NA	NA	NA	NA	NA	NA	NA	NA	0.969	0	YES	1	89735212	rs374743187	2475.41	PASS	G	T	G=453;T=3	./.=1;G/G=225;G/T=3	3	3	0
C	ENSG00000162761	ENST00000342310	Transcript	missense_variant	LMX1A	protein_coding	H/Q	caT/caG	NA	09.Sep	NA	neutral(0.349)	NA	ENST00000342310.3:c.1113T>G	ENSP00000340226.3:p.His371Gln	1113	371	deleterious(0.04)	benign(0.012)	NA	NA	NA	NA	NA	NA	NA	NA	0.0623	0.9	YES	1	165173153	.	926.18	PASS	A	C	A=454;C=2	./.=1;A/A=226;A/C=2	1	2	1
T	ENSG00000115267	ENST00000263642	Transcript	missense_variant	IFIH1	protein_coding	N/K	aaT/aaA	rs528639734	16/16	NA	neutral(0.000)	NA	ENST00000263642.2:c.3036T>A	ENSP00000263642.2:p.Asn1012Lys	3036	1012	tolerated(0.9)	benign(0)	T:0.0002	NA	NA	T:0	T:0	T:0	T:0	T:0.001	0.992	0	YES	2	163123752	rs528639734	193.98	PASS	A	T	A=445;T=1	./.=6;A/A=222;A/T=1	1	1	0
T	ENSG00000115267	ENST00000263642	Transcript	missense_variant	IFIH1	protein_coding	A/T	Gca/Aca	rs1990760&CM066881	15/16	NA	neutral(0.002)	NA	ENST00000263642.2:c.2836G>A	ENSP00000263642.2:p.Ala946Thr	2836	946	tolerated(0.76)	benign(0.021)	T:0.3566	T:0.1852	T:0.6029	T:0.1256	T:0.3905	T:0.1865	T:0.6054	T:0.5644	0.992	0	YES	2	163124051	rs1990760	229799.72	PASS	C	T	C=220;T=232	./.=3;C/C=58;C/T=104;T/T=64	87	168	81
T	ENSG00000115267	ENST00000263642	Transcript	splice_donor_variant	IFIH1	protein_coding	NA	NA	rs35732034&CS092023	NA	14/15	NA	NA	ENST00000263642.2:c.2807+1G>A	NA	NA	NA	NA	NA	T:0.0062	T:0.001135	T:0.007558	T:0	T:0.0043	T:0.0099	T:0.0089	T:0.0092	0.992	0	YES	2	163124596	rs35732034	5103.46	PASS	C	T	C=449;T=5	./.=2;C/C=223;C/T=3;T/T=1	4	4	0
C	ENSG00000115267	ENST00000263642	Transcript	missense_variant	IFIH1	protein_coding	I/V	Att/Gtt	rs35667974&CM091739	14/16	NA	deleterious(0.629)	NA	ENST00000263642.2:c.2767A>G	ENSP00000263642.2:p.Ile923Val	2767	923	tolerated(0.09)	possibly_damaging(0.859)	C:0.0024	C:0.002497	C:0.01628	C:0.0008	C:0	C:0	C:0.0099	C:0.001	0.992	0	YES	2	163124637	rs35667974	9319.84	PASS	T	C	T=441;C=13	./.=2;T/T=214;T/C=13	5	13	8
C	ENSG00000115267	ENST00000263642	Transcript	missense_variant	IFIH1	protein_coding	H/R	cAt/cGt	rs3747517&CM065280	13/16	NA	neutral(0.000)	NA	ENST00000263642.2:c.2528A>G	ENSP00000263642.2:p.His843Arg	2528	843	tolerated(1)	benign(0)	T:0.4101	C:0.6244	C:0.726	C:0.5764	C:0.7666	C:0.3135	C:0.7505	C:0.6022	0.992	0	YES	2	163128824	rs3747517	288726.04	PASS	T	C	T=143;C=309	./.=3;T/T=23;T/C=97;C/C=106	108	203	95
T	ENSG00000115267	ENST00000263642	Transcript	missense_variant	IFIH1	protein_coding	E/K	Gaa/Aaa	rs79324540	13/16	NA	deleterious(0.867)	NA	ENST00000263642.2:c.2524G>A	ENSP00000263642.2:p.Glu842Lys	2524	842	deleterious(0.01)	probably_damaging(0.996)	T:0.0004	T:0.0009079	T:0.001279	T:0	T:0	T:0	T:0.002	T:0	0.992	0	YES	2	163128828	rs79324540	1936.49	PASS	C	T	C=451;T=3	./.=2;C/C=224;C/T=3	2	3	1
A	ENSG00000115267	ENST00000263642	Transcript	missense_variant	IFIH1	protein_coding	T/I	aCc/aTc	rs72650663	Nov.16	NA	neutral(0.009)	NA	ENST00000263642.2:c.2105C>T	ENSP00000263642.2:p.Thr702Ile	2105	702	tolerated(0.51)	benign(0)	A:0.0012	A:0.0004539	A:0.00314	A:0	A:0	A:0	A:0.006	A:0	0.992	0	YES	2	163133396	rs72650663	674.82	PASS	G	A	G=449;A=1	./.=4;G/G=224;G/A=1	1	1	0
A	ENSG00000115267	ENST00000263642	Transcript	stop_gained	IFIH1	protein_coding	E/*	Gaa/Taa	rs35744605&CM091738	Oct.16	NA	NA	NA	ENST00000263642.2:c.1879G>T	ENSP00000263642.2:p.Glu627Ter	1879	627	NA	NA	A:0.0014	A:0.0009079	A:0.005581	A:0	A:0.0043	A:0	A:0.004	A:0	0.992	0	YES	2	163134090	rs35744605	4733.45	PASS	C	A	C=446;A=2	./.=5;C/C=222;C/A=2	1	2	1
G	ENSG00000115267	ENST00000263642	Transcript	splice_donor_variant	IFIH1	protein_coding	NA	NA	rs35337543&CS092022	NA	Aug.15	NA	NA	ENST00000263642.2:c.1641+1G>C	NA	NA	NA	NA	NA	G:0.0056	G:0.002951	G:0.01081	G:0	G:0.0101	G:0	G:0.0189	G:0.002	0.992	0	YES	2	163136505	rs35337543	2757.79	PASS	C	G	C=447;G=5	./.=3;C/C=221;C/G=5	3	5	2
AGGGGAT	ENSG00000115267	ENST00000263642	Transcript	frameshift_variant	IFIH1	protein_coding	I/NPLX	ata/aATCCCCTta	rs748061170	Jul.16	NA	NA	NA	ENST00000263642.2:c.1450_1451insATCCCCT	ENSP00000263642.2:p.Ile484AsnfsTer22	1450-1451	484	NA	NA	NA	NA	NA	NA	NA	NA	NA	NA	0.992	0	YES	2	163137911	rs748061170	107.69	PASS	A	AAGGGGAT	A=453;AAGGGGAT=1	./.=2;A/A=226;A/AAGGGGAT=1	1	1	0
C	ENSG00000115267	ENST00000263642	Transcript	missense_variant	IFIH1	protein_coding	Q/R	cAg/cGg	rs756712486	Jul.16	NA	deleterious(0.945)	NA	ENST00000263642.2:c.1448A>G	ENSP00000263642.2:p.Gln483Arg	1448	483	deleterious(0)	probably_damaging(1)	NA	NA	NA	NA	NA	NA	NA	NA	0.992	0	YES	2	163137914	rs756712486	159.75	PASS	T	C	T=453;C=1	./.=2;T/T=226;T/C=1	1	1	0
C	ENSG00000115267	ENST00000263642	Transcript	missense_variant	IFIH1	protein_coding	Q/E	Cag/Gag	rs763638412	Jul.16	NA	deleterious(0.935)	NA	ENST00000263642.2:c.1447C>G	ENSP00000263642.2:p.Gln483Glu	1447	483	deleterious(0)	probably_damaging(0.999)	NA	NA	NA	NA	NA	NA	NA	NA	0.992	0	YES	2	163137915	rs763638412	159.75	PASS	G	C	G=453;C=1	./.=2;G/G=226;G/C=1	1	1	0
C	ENSG00000115267	ENST00000263642	Transcript	missense_variant	IFIH1	protein_coding	H/R	cAt/cGt	rs10930046	Jul.16	NA	neutral(0.000)	NA	ENST00000263642.2:c.1379A>G	ENSP00000263642.2:p.His460Arg	1379	460	tolerated(1)	benign(0)	C:0.1937	C:0.4149	C:0.01419	C:0.447	C:0.3184	C:0.125	C:0.0119	C:0.0204	0.992	0	YES	2	163137983	rs10930046	16069.79	PASS	T	C	T=430;C=24	./.=2;T/T=207;T/C=16;C/C=4	12	20	8
C	ENSG00000115267	ENST00000263642	Transcript	missense_variant	IFIH1	protein_coding	K/R	aAg/aGg	TMP_ESP_2_163144694_163144694&rs72650664	May.16	NA	neutral(0.056)	NA	ENST00000263642.2:c.1046A>G	ENSP00000263642.2:p.Lys349Arg	1046	349	tolerated(0.23)	benign(0.157)	C:0.0032	-:0.0002344&C:0.000227	-:0&C:0.001977	C:0	C:0	C:0	C:0.002	C:0.0143	0.992	0	YES	2	163144694	rs72650664	589.28	PASS	T	C	T=452;C=2	./.=2;T/T=225;T/C=2	1	2	1
T	ENSG00000215612	ENST00000400677	Transcript	missense_variant	HMX1	protein_coding	G/S	Ggt/Agt	rs61745347	01.Feb	NA	neutral(0.009)	NA	ENST00000400677.3:c.364G>A	ENSP00000383516.3:p.Gly122Ser	364	122	tolerated(0.53)	benign(0.025)	T:0.1042	NA	NA	T:0.261	T:0.0807	T:0	T:0.0755	T:0.046	NA	0.13	YES	4	8872977	rs61745347	15414.41	PASS	C	T	C=391;T=45	./.=11;C/C=176;C/T=39;T/T=3	22	42	20
T	ENSG00000204616	ENST00000376734	Transcript	missense_variant	TRIM31	protein_coding	E/K	Gag/Aag	rs1116221	09.Sep	NA	neutral(0.452)	NA	ENST00000376734.3:c.1261G>A	ENSP00000365924.3:p.Glu421Lys	1261	421	deleterious_low_confidence(0)	benign(0.097)	T:0.2620	T:0.3762	T:0.2607	T:0.4115	T:0.2248	T:0.0992	T:0.2207	T:0.2965	0.561	0.02	YES	6	30071330	rs1116221	248734.51	PASS	C	T	C=311;T=143	./.=2;C/C=107;C/T=97;T/T=23	64	120	56
G	ENSG00000204616	ENST00000376734	Transcript	missense_variant	TRIM31	protein_coding	L/P	cTg/cCg	rs35775852	04.Sep	NA	deleterious(0.859)	NA	ENST00000376734.3:c.704T>C	ENSP00000365924.3:p.Leu235Pro	704	235	deleterious(0)	probably_damaging(0.973)	G:0.0110	G:0.03041	G:0.0003488	G:0.0356	G:0.0101	G:0	G:0.001	G:0	0.561	0.02	YES	6	30078265	rs35775852	2402.26	PASS	A	G	A=450;G=2	./.=3;A/A=224;A/G=2	1	2	1
T	ENSG00000204616	ENST00000376734	Transcript	missense_variant	TRIM31	protein_coding	V/I	Gtt/Att	rs2523989	04.Sep	NA	neutral(0.004)	NA	ENST00000376734.3:c.694G>A	ENSP00000365924.3:p.Val232Ile	694	232	tolerated(0.63)	benign(0.006)	T:0.0747	T:0.06718	T:0.1403	T:0.0492	T:0.1239	T:0.0486	T:0.1203	T:0.0542	0.561	0.02	YES	6	30078275	rs2523989	55502.64	PASS	C	T	C=378;T=76	./.=2;C/C=156;C/T=66;T/T=5	35	71	36
A	ENSG00000204616	ENST00000376734	Transcript	missense_variant	TRIM31	protein_coding	L/F	Ctc/Ttc	rs372346318	04.Sep	NA	neutral(0.017)	NA	ENST00000376734.3:c.559C>T	ENSP00000365924.3:p.Leu187Phe	559	187	tolerated(0.48)	benign(0.089)	A:0.0004	NA	NA	A:0	A:0	A:0.002	A:0	A:0	0.561	0.02	YES	6	30078410	rs372346318	5736.49	PASS	G	A	G=449;A=3	./.=3;G/G=223;G/A=3	3	3	0
G	ENSG00000204616	ENST00000376734	Transcript	missense_variant	TRIM31	protein_coding	E/D	gaA/gaC	rs369895511	04.Sep	NA	neutral(0.064)	NA	ENST00000376734.3:c.525A>C	ENSP00000365924.3:p.Glu175Asp	525	175	tolerated(0.16)	benign(0.068)	G:0.0004	NA	NA	G:0	G:0	G:0.002	G:0	G:0	0.561	0.02	YES	6	30078444	rs369895511	3570.5	PASS	T	G	T=449;G=3	./.=3;T/T=223;T/G=3	3	3	0
C	ENSG00000204616	ENST00000376734	Transcript	missense_variant	TRIM31	protein_coding	N/D	Aat/Gat	rs34801993	02.Sep	NA	neutral(0.067)	NA	ENST00000376734.3:c.379A>G	ENSP00000365924.3:p.Asn127Asp	379	127	tolerated(0.17)	benign(0.106)	C:0.0110	C:0.03342	C:0.0003691	C:0.0356	C:0.0101	C:0	C:0.001	C:0	0.561	0.02	YES	6	30080204	rs34801993	2121.2	PASS	T	C	T=452;C=2	./.=2;T/T=225;T/C=2	1	2	1
A	ENSG00000204616	ENST00000376734	Transcript	missense_variant	TRIM31	protein_coding	R/C	Cgt/Tgt	rs3734838	02.Sep	NA	neutral(0.153)	NA	ENST00000376734.3:c.352C>T	ENSP00000365924.3:p.Arg118Cys	352	118	tolerated(0.16)	benign(0.302)	A:0.0695	A:0.04666	A:0.08804	A:0.0333	A:0.0605	A:0.1141	A:0.0775	A:0.0706	0.561	0.02	YES	6	30080231	rs3734838	28280.53	PASS	G	A	G=430;A=24	./.=2;G/G=204;G/A=22;A/A=1	12	23	11
T	ENSG00000204616	ENST00000376734	Transcript	missense_variant	TRIM31	protein_coding	M/I	atG/atA	rs35521684	02.Sep	NA	neutral(0.424)	NA	ENST00000376734.3:c.303G>A	ENSP00000365924.3:p.Met101Ile	303	101	deleterious(0.01)	benign(0.19)	T:0.0110	T:0.03342	T:0.0003691	T:0.0356	T:0.0101	T:0	T:0.001	T:0	0.561	0.02	YES	6	30080280	rs35521684	4324.19	PASS	C	T	C=452;T=2	./.=2;C/C=225;C/T=2	1	2	1
A	ENSG00000204616	ENST00000376734	Transcript	missense_variant	TRIM31	protein_coding	R/W	Cgg/Tgg	rs34704616	02.Sep	NA	deleterious(0.631)	NA	ENST00000376734.3:c.214C>T	ENSP00000365924.3:p.Arg72Trp	214	72	deleterious(0.01)	possibly_damaging(0.642)	A:0.0110	A:0.03342	A:0.0003691	A:0.0356	A:0.0101	A:0	A:0.001	A:0	0.561	0.02	YES	6	30080369	rs34704616	1631.2	PASS	G	A	G=452;A=2	./.=2;G/G=225;G/A=2	1	2	1
C	ENSG00000204616	ENST00000376734	Transcript	missense_variant	TRIM31	protein_coding	P/R	cCc/cGc	rs36063651&COSM1442969	02.Sep	NA	deleterious(0.886)	NA	ENST00000376734.3:c.50C>G	ENSP00000365924.3:p.Pro17Arg	50	17	deleterious(0)	probably_damaging(0.99)	C:0.0110	C:0.03344	C:0.0003693	C:0.0356	C:0.0101	C:0	C:0.001	C:0	0.561	0.02	YES	6	30080533	rs36063651	1511.22	PASS	G	C	G=452;C=2	./.=2;G/G=225;G/C=2	1	2	1
A	ENSG00000204616	ENST00000376734	Transcript	missense_variant	TRIM31	protein_coding	Q/H	caG/caT	rs368717514	02.Sep	NA	deleterious(0.542)	NA	ENST00000376734.3:c.15G>T	ENSP00000365924.3:p.Gln5His	15	5	tolerated(0.12)	possibly_damaging(0.76)	A:0.0004	NA	NA	A:0	A:0	A:0.002	A:0	A:0	0.561	0.02	YES	6	30080568	rs368717514	2033.49	PASS	C	A	C=451;A=3	./.=2;C/C=224;C/A=3	3	3	0
T	ENSG00000205413	ENST00000379958	Transcript	missense_variant	SAMD9	protein_coding	A/T	Gct/Act	rs34896991	03.Mar	NA	neutral(0.249)	NA	ENST00000379958.2:c.4666G>A	ENSP00000369292.2:p.Ala1556Thr	4666	1556	tolerated(0.14)	benign(0.003)	T:0.0036	T:0.001135	T:0.006629	T:0.0008	T:0.0072	T:0	T:0.0119	T:0	0.991	0	YES	7	92730745	rs34896991	8606.99	PASS	C	T	C=448;T=4	./.=3;C/C=222;C/T=4	2	4	2
C	ENSG00000205413	ENST00000379958	Transcript	missense_variant	SAMD9	protein_coding	E/G	gAg/gGg	rs202023980	03.Mar	NA	neutral(0.252)	NA	ENST00000379958.2:c.4067A>G	ENSP00000369292.2:p.Glu1356Gly	4067	1356	tolerated(0.14)	benign(0.039)	C:0.0008	C:0	C:0.0001163	C:0	C:0	C:0	C:0.001	C:0.0031	0.991	0	YES	7	92731344	rs202023980	2111.76	PASS	T	C	T=453;C=1	./.=2;T/T=226;T/C=1	1	1	0
G	ENSG00000205413	ENST00000379958	Transcript	missense_variant	SAMD9	protein_coding	F/L	Ttt/Ctt	rs374998533	03.Mar	NA	deleterious(0.693)	NA	ENST00000379958.2:c.3919T>C	ENSP00000369292.2:p.Phe1307Leu	3919	1307	deleterious(0)	possibly_damaging(0.693)	NA	G:0	G:0.0001164	NA	NA	NA	NA	NA	0.991	0	YES	7	92731492	rs374998533	2820.77	PASS	A	G	A=451;G=1	./.=3;A/A=225;A/G=1	1	1	0
T	ENSG00000205413	ENST00000379958	Transcript	missense_variant	SAMD9	protein_coding	G/R	Gga/Aga	NA	03.Mar	NA	neutral(0.012)	NA	ENST00000379958.2:c.3415G>A	ENSP00000369292.2:p.Gly1139Arg	3415	1139	tolerated(0.46)	benign(0)	NA	NA	NA	NA	NA	NA	NA	NA	0.991	0	YES	7	92731996	.	1646.75	PASS	C	T	C=453;T=1	./.=2;C/C=226;C/T=1	1	1	0
T	ENSG00000205413	ENST00000379958	Transcript	missense_variant	SAMD9	protein_coding	R/H	cGc/cAc	rs372955426&COSM1452867&COSM76333	03.Mar	NA	neutral(0.348)	NA	ENST00000379958.2:c.3119G>A	ENSP00000369292.2:p.Arg1040His	3119	1040	tolerated(0.05)	benign(0.052)	NA	T:0	T:0.0001163	NA	NA	NA	NA	NA	0.991	0	YES	7	92732292	rs372955426	1000.76	PASS	C	T	C=453;T=1	./.=2;C/C=226;C/T=1	1	1	0
C	ENSG00000205413	ENST00000379958	Transcript	missense_variant	SAMD9	protein_coding	K/E	Aaa/Gaa	rs79303965	03.Mar	NA	neutral(0.000)	NA	ENST00000379958.2:c.2680A>G	ENSP00000369292.2:p.Lys894Glu	2680	894	tolerated(1)	benign(0)	C:0.0210	C:0.06744	C:0.0004655	C:0.0749	C:0.0086	C:0	C:0	C:0	0.991	0	YES	7	92732731	rs79303965	2936.3	PASS	T	C	T=450;C=2	./.=3;T/T=224;T/C=2	1	2	1
C	ENSG00000205413	ENST00000379958	Transcript	missense_variant	SAMD9	protein_coding	M/R	aTg/aGg	rs756267675	03.Mar	NA	deleterious(0.804)	NA	ENST00000379958.2:c.2657T>G	ENSP00000369292.2:p.Met886Arg	2657	886	deleterious(0)	possibly_damaging(0.905)	NA	NA	NA	NA	NA	NA	NA	NA	0.991	0	YES	7	92732754	rs756267675	527.78	PASS	A	C	A=451;C=1	./.=3;A/A=225;A/C=1	1	1	0
C	ENSG00000205413	ENST00000379958	Transcript	missense_variant	SAMD9	protein_coding	D/G	gAt/gGt	rs140921998	03.Mar	NA	neutral(0.401)	NA	ENST00000379958.2:c.2642A>G	ENSP00000369292.2:p.Asp881Gly	2642	881	deleterious(0.02)	benign(0.186)	C:0.0078	C:0.009759	C:0.02502	C:0.0053	C:0.0216	C:0	C:0.0169	C:0	0.991	0	YES	7	92732769	rs140921998	5907.8	PASS	T	C	T=445;C=7	./.=3;T/T=219;T/C=7	5	7	2
A	ENSG00000205413	ENST00000379958	Transcript	missense_variant	SAMD9	protein_coding	V/L	Gtg/Ttg	rs10279499	03.Mar	NA	deleterious(0.568)	NA	ENST00000379958.2:c.1645G>T	ENSP00000369292.2:p.Val549Leu	1645	549	deleterious(0.01)	possibly_damaging(0.489)	A:0.0968	A:0.1319	A:0.1022	A:0.1195	A:0.0994	A:0.1359	A:0.0974	A:0.0235	0.991	0	YES	7	92733766	rs10279499	56116.68	PASS	C	A	C=403;A=51	./.=2;C/C=181;C/A=41;A/A=5	28	46	18
A	ENSG00000205413	ENST00000379958	Transcript	missense_variant	SAMD9	protein_coding	T/M	aCg/aTg	rs78564070	03.Mar	NA	neutral(0.286)	NA	ENST00000379958.2:c.1436C>T	ENSP00000369292.2:p.Thr479Met	1436	479	tolerated(0.1)	benign(0)	A:0.0833	A:0.07172	A:0.04327	A:0.0802	A:0.0389	A:0.0377	A:0.0507	A:0.1994	0.991	0	YES	7	92733975	rs78564070	29285.81	PASS	G	A	G=434;A=20	./.=2;G/G=208;G/A=18;A/A=1	13	19	6
T	ENSG00000205413	ENST00000379958	Transcript	missense_variant	SAMD9	protein_coding	A/T	Gct/Act	rs117649834	03.Mar	NA	neutral(0.001)	NA	ENST00000379958.2:c.1360G>A	ENSP00000369292.2:p.Ala454Thr	1360	454	tolerated(0.76)	benign(0.001)	T:0.0611	T:0.008852	T:0.04291	T:0.0023	T:0.0303	T:0.0367	T:0.0497	T:0.1994	0.991	0	YES	7	92734051	rs117649834	21283.03	PASS	C	T	C=437;T=17	./.=2;C/C=210;C/T=17	13	17	4
C	ENSG00000205413	ENST00000379958	Transcript	missense_variant	SAMD9	protein_coding	N/S	aAt/aGt	rs10239435	03.Mar	NA	neutral(0.323)	NA	ENST00000379958.2:c.1346A>G	ENSP00000369292.2:p.Asn449Ser	1346	449	tolerated(0.06)	benign(0.011)	C:0.0609	C:0.1757	C:0.001512	C:0.2141	C:0.0231	C:0	C:0.006	C:0	0.991	0	YES	7	92734065	rs10239435	4712.93	PASS	T	C	T=450;C=4	./.=2;T/T=223;T/C=4	2	4	2
C	ENSG00000205413	ENST00000379958	Transcript	missense_variant	SAMD9	protein_coding	S/G	Agt/Ggt	NA	03.Mar	NA	neutral(0.254)	NA	ENST00000379958.2:c.1006A>G	ENSP00000369292.2:p.Ser336Gly	1006	336	tolerated(0.13)	benign(0.026)	NA	NA	NA	NA	NA	NA	NA	NA	0.991	0	YES	7	92734405	.	1361.92	PASS	T	C	T=449;C=1	./.=4;T/T=224;T/C=1	1	1	0
G	ENSG00000205413	ENST00000379958	Transcript	missense_variant	SAMD9	protein_coding	I/T	aTa/aCa	rs6969691	03.Mar	NA	neutral(0.003)	NA	ENST00000379958.2:c.428T>C	ENSP00000369292.2:p.Ile143Thr	428	143	tolerated(0.66)	benign(0)	G:0.1526	G:0.2685	G:0.1298	G:0.2905	G:0.1268	G:0.1359	G:0.1292	G:0.0256	0.991	0	YES	7	92734983	rs6969691	87542.84	PASS	A	G	A=392;G=62	./.=2;A/A=172;A/G=48;G/G=7	30	55	25
A	ENSG00000205413	ENST00000379958	Transcript	missense_variant	SAMD9	protein_coding	S/F	tCt/tTt	rs147157740	03.Mar	NA	neutral(0.415)	NA	ENST00000379958.2:c.257C>T	ENSP00000369292.2:p.Ser86Phe	257	86	deleterious(0.01)	benign(0.12)	A:0.0030	A:0.001589	A:0.006744	A:0	A:0.0072	A:0	A:0.0099	A:0	0.991	0	YES	7	92735154	rs147157740	2478.3	PASS	G	A	G=452;A=2	./.=2;G/G=225;G/A=2	2	2	0
A	ENSG00000205413	ENST00000379958	Transcript	missense_variant	SAMD9	protein_coding	R/W	Cgg/Tgg	rs111780648	03.Mar	NA	neutral(0.383)	NA	ENST00000379958.2:c.223C>T	ENSP00000369292.2:p.Arg75Trp	223	75	deleterious(0.02)	benign(0)	A:0.0158	A:0.002724	A:0.02442	A:0	A:0.0288	A:0	A:0.0209	A:0.0389	0.991	0	YES	7	92735188	rs111780648	21913.38	PASS	G	A	G=442;A=12	./.=2;G/G=216;G/A=10;A/A=1	7	11	4
A	ENSG00000205413	ENST00000379958	Transcript	missense_variant	SAMD9	protein_coding	H/L	cAc/cTc	rs746748986	03.Mar	NA	neutral(0.293)	NA	ENST00000379958.2:c.95A>T	ENSP00000369292.2:p.His32Leu	95	32	tolerated(0.1)	benign(0.096)	NA	NA	NA	NA	NA	NA	NA	NA	0.991	0	YES	7	92735316	rs746748986	552.84	PASS	T	A	T=449;A=1	./.=4;T/T=224;T/A=1	1	1	0
G	ENSG00000177409	ENST00000318238	Transcript	missense_variant	SAMD9L	protein_coding	N/T	aAt/aCt	rs10282508&COSM1452889	05.May	NA	neutral(0.300)	NA	ENST00000318238.4:c.4547A>C	ENSP00000326247.4:p.Asn1516Thr	4547	1516	tolerated(0.08)	benign(0.003)	G:0.1066	G:0.195	G:0.05093	G:0.2247	G:0.0461	G:0.1369	G:0.0467	G:0.0204	NA	0	YES	7	92760738	rs10282508	61043.2	PASS	T	G	T=423;G=31	./.=2;T/T=198;T/G=27;G/G=2	14	29	15
A	ENSG00000177409	ENST00000318238	Transcript	missense_variant	SAMD9L	protein_coding	P/L	cCc/cTc	NA	05.May	NA	deleterious(0.935)	NA	ENST00000318238.4:c.4184C>T	ENSP00000326247.4:p.Pro1395Leu	4184	1395	deleterious(0)	probably_damaging(0.999)	NA	NA	NA	NA	NA	NA	NA	NA	NA	0	YES	7	92761101	.	486.73	PASS	G	A	G=453;A=1	./.=2;G/G=226;G/A=1	1	1	0
T	ENSG00000177409	ENST00000318238	Transcript	frameshift_variant	SAMD9L	protein_coding	K/KX	aag/aaAg	rs1033729089	05.May	NA	NA	NA	ENST00000318238.4:c.4121dup	ENSP00000326247.4:p.Pro1375AlafsTer5	4121-4122	1374	NA	NA	NA	NA	NA	NA	NA	NA	NA	NA	NA	0	YES	7	92761163	.	264.68	PASS	C	CT	C=453;CT=1	./.=2;C/C=226;C/CT=1	1	1	0
G	ENSG00000177409	ENST00000318238	Transcript	missense_variant	SAMD9L	protein_coding	G/A	gGg/gCg	rs17165111	05.May	NA	neutral(0.002)	NA	ENST00000318238.4:c.3410G>C	ENSP00000326247.4:p.Gly1137Ala	3410	1137	tolerated(0.7)	benign(0)	G:0.0280	G:0.06219	G:0.02895	G:0.0772	G:0.0144	G:0.001	G:0.0179	G:0.0092	NA	0	YES	7	92761875	rs17165111	14207.22	PASS	C	G	C=445;G=9	./.=2;C/C=218;C/G=9	4	9	5
C	ENSG00000177409	ENST00000318238	Transcript	missense_variant	SAMD9L	protein_coding	Q/E	Caa/Gaa	rs117342581	05.May	NA	neutral(0.000)	NA	ENST00000318238.4:c.3028C>G	ENSP00000326247.4:p.Gln1010Glu	3028	1010	tolerated(1)	benign(0)	C:0.0004	C:0.0002271	C:0.004304	C:0	C:0.0014	C:0	C:0.001	C:0	NA	0	YES	7	92762257	rs117342581	3400.28	PASS	G	C	G=452;C=2	./.=2;G/G=225;G/C=2	1	2	1
T	ENSG00000177409	ENST00000318238	Transcript	missense_variant	SAMD9L	protein_coding	A/D	gCt/gAt	NA	05.May	NA	neutral(0.445)	NA	ENST00000318238.4:c.1697C>A	ENSP00000326247.4:p.Ala566Asp	1697	566	deleterious(0)	benign(0.007)	NA	NA	NA	NA	NA	NA	NA	NA	NA	0	YES	7	92763588	.	429.8	PASS	G	T	G=451;T=1	./.=3;G/G=225;G/T=1	1	1	0
A	ENSG00000177409	ENST00000318238	Transcript	missense_variant	SAMD9L	protein_coding	A/V	gCt/gTt	rs151304501	05.May	NA	deleterious(0.821)	NA	ENST00000318238.4:c.1565C>T	ENSP00000326247.4:p.Ala522Val	1565	522	deleterious(0)	probably_damaging(0.929)	A:0.0070	A:0.004766	A:0.02209	A:0.0015	A:0.0187	A:0	A:0.0139	A:0.0061	NA	0	YES	7	92763720	rs151304501	13130.77	PASS	G	A	G=443;A=11	./.=2;G/G=217;G/A=9;A/A=1	5	10	5
A	ENSG00000177409	ENST00000318238	Transcript	stop_gained	SAMD9L	protein_coding	R/*	Cga/Tga	rs150070697&COSM3784101	05.May	NA	NA	NA	ENST00000318238.4:c.1216C>T	ENSP00000326247.4:p.Arg406Ter	1216	406	NA	NA	NA	A:0	A:0.001512	NA	NA	NA	NA	NA	NA	0	YES	7	92764069	rs150070697	2712.79	PASS	G	A	G=453;A=1	./.=2;G/G=226;G/A=1	1	1	0
G	ENSG00000177409	ENST00000318238	Transcript	missense_variant	SAMD9L	protein_coding	F/S	tTt/tCt	rs2073793	05.May	NA	deleterious(0.945)	NA	ENST00000318238.4:c.866T>C	ENSP00000326247.4:p.Phe289Ser	866	289	deleterious(0)	probably_damaging(1)	G:0.0268	G:0.003177	G:0.01105	G:0.0008	G:0.0375	G:0.0843	G:0.0129	G:0.0092	NA	0	YES	7	92764419	rs2073793	19110.71	PASS	A	G	A=441;G=13	./.=2;A/A=214;A/G=13	10	13	3
T	ENSG00000177409	ENST00000318238	Transcript	missense_variant	SAMD9L	protein_coding	V/I	Gta/Ata	rs10488532	05.May	NA	neutral(0.029)	NA	ENST00000318238.4:c.796G>A	ENSP00000326247.4:p.Val266Ile	796	266	tolerated(0.3)	benign(0)	T:0.0992	T:0.06559	T:0.1197	T:0.0439	T:0.1052	T:0.0367	T:0.1282	T:0.2045	NA	0	YES	7	92764489	rs10488532	71873.53	PASS	C	T	C=406;T=48	./.=2;C/C=179;C/T=48	30	48	18
G	ENSG00000177409	ENST00000318238	Transcript	missense_variant	SAMD9L	protein_coding	D/H	Gat/Cat	rs144605831	05.May	NA	deleterious(0.853)	NA	ENST00000318238.4:c.505G>C	ENSP00000326247.4:p.Asp169His	505	169	deleterious(0)	probably_damaging(0.966)	NA	G:0	G:0.0004651	NA	NA	NA	NA	NA	NA	0	YES	7	92764780	rs144605831	3211.36	PASS	C	G	C=453;G=1	./.=2;C/C=226;C/G=1	1	1	0
T	ENSG00000177409	ENST00000318238	Transcript	missense_variant	SAMD9L	protein_coding	V/I	Gtc/Atc	NA	05.May	NA	neutral(0.017)	NA	ENST00000318238.4:c.136G>A	ENSP00000326247.4:p.Val46Ile	136	46	tolerated(0.39)	benign(0.011)	NA	NA	NA	NA	NA	NA	NA	NA	NA	0	YES	7	92765149	.	1349.73	PASS	C	T	C=453;T=1	./.=2;C/C=226;C/T=1	1	1	0
T	ENSG00000128604	ENST00000357234	Transcript	missense_variant	IRF5	protein_coding	K/N	aaG/aaT	rs780812353	02.Sep	NA	neutral(0.062)	NA	ENST00000357234.5:c.120G>T	ENSP00000349770.5:p.Lys40Asn	120	40	tolerated(0.19)	benign(0.145)	NA	NA	NA	NA	NA	NA	NA	NA	0.0642	0.29	YES	7	128582255	rs780812353	371.77	PASS	G	T	G=453;T=1	./.=2;G/G=226;G/T=1	1	1	0
-	ENSG00000128604	ENST00000357234	Transcript	inframe_deletion	IRF5	protein_coding	TLQPPTLRPP/-	ACTCTGCAGCCGCCCACTCTGCGGCCGCCT/-	rs199508964&COSM329668&COSM5002496	06.Sep	NA	NA	NA	ENST00000357234.5:c.572_601del	ENSP00000349770.5:p.Arg191_Leu200del	550-579	184-193	NA	NA	-:0.4848	-:0.5013	-:0.4858	-:0.534	-:0.366	-:0.4425	-:0.5338	-:0.4959	0.0642	0.29	YES	7	128587351	rs199508964	177632.54	PASS	CACTCTGCAGCCGCCCACTCTGCGGCCGCCT	C	CACTCTGCAGCCGCCCACTCTGCGGCCGCCT=230;C=224	./.=2;CACTCTGCAGCCGCCCACTCTGCGGCCGCCT/CACTCTGCAGCCGCCCACTCTGCGGCCGCCT=61;CACTCTGCAGCCGCCCACTCTGCGGCCGCCT/C=108;C/C=58	84	166	82
T	ENSG00000059378	ENST00000263549	Transcript	missense_variant	PARP12	protein_coding	V/M	Gtg/Atg	rs35456446	08.Dec	NA	deleterious(0.857)	NA	ENST00000263549.3:c.1387G>A	ENSP00000263549.3:p.Val463Met	1387	463	deleterious(0)	probably_damaging(0.971)	T:0.0603	T:0.06582	T:0.04372	T:0.0855	T:0.0346	T:0.001	T:0.0437	T:0.1227	0.67	0	YES	7	139734069	rs35456446	17795.47	PASS	C	T	C=430;T=24	./.=2;C/C=205;C/T=20;T/T=2	10	22	12
T	ENSG00000059378	ENST00000263549	Transcript	missense_variant	PARP12	protein_coding	V/I	Gtt/Att	rs34111764	05.Dec	NA	neutral(0.349)	NA	ENST00000263549.3:c.877G>A	ENSP00000263549.3:p.Val293Ile	877	293	tolerated(0.12)	benign(0.288)	T:0.0978	T:0.2637	T:0.04453	T:0.298	T:0.0375	T:0	T:0.0408	T:0.0297	0.67	0	YES	7	139746793	rs34111764	15194.64	PASS	C	T	C=435;T=19	./.=2;C/C=208;C/T=19	9	19	10
G	ENSG00000059378	ENST00000263549	Transcript	missense_variant	PARP12	protein_coding	T/P	Acc/Ccc	rs778306089	03.Dec	NA	neutral(0.286)	NA	ENST00000263549.3:c.673A>C	ENSP00000263549.3:p.Thr225Pro	673	225	tolerated(0.1)	benign(0.001)	NA	NA	NA	NA	NA	NA	NA	NA	0.67	0	YES	7	139756743	rs778306089	1847.78	PASS	T	G	T=451;G=1	./.=3;T/T=225;T/G=1	1	1	0
A	ENSG00000059378	ENST00000263549	Transcript	missense_variant	PARP12	protein_coding	W/L	tGg/tTg	rs61729681	02.Dec	NA	neutral(0.003)	NA	ENST00000263549.3:c.449G>T	ENSP00000263549.3:p.Trp150Leu	449	150	tolerated(0.65)	benign(0)	A:0.0202	A:0.02451	A:0.05047	A:0.0166	A:0.0317	A:0	A:0.0497	A:0.0072	0.67	0	YES	7	139757712	rs61729681	10061.06	PASS	C	A	C=433;A=19	./.=3;C/C=208;C/A=17;A/A=1	12	18	6
G	ENSG00000059378	ENST00000263549	Transcript	missense_variant	PARP12	protein_coding	L/P	cTg/cCg	NA	01.Dec	NA	deleterious(0.844)	NA	ENST00000263549.3:c.221T>C	ENSP00000263549.3:p.Leu74Pro	221	74	deleterious(0)	probably_damaging(0.956)	NA	NA	NA	NA	NA	NA	NA	NA	0.67	0	YES	7	139762427	.	39.08	PASS	A	G	A=449;G=1	./.=4;A/A=224;A/G=1	1	1	0
T	ENSG00000059378	ENST00000263549	Transcript	missense_variant	PARP12	protein_coding	A/T	Gcg/Acg	rs764454335	01.Dec	NA	neutral(0.007)	NA	ENST00000263549.3:c.163G>A	ENSP00000263549.3:p.Ala55Thr	163	55	tolerated(0.53)	benign(0.001)	NA	NA	NA	NA	NA	NA	NA	NA	0.67	0	YES	7	139762485	rs764454335	36.44	PASS	C	T	C=443;T=1	./.=7;C/C=221;C/T=1	1	1	0
A	ENSG00000059378	ENST00000263549	Transcript	missense_variant	PARP12	protein_coding	A/V	gCc/gTc	NA	01.Dec	NA	neutral(0.152)	NA	ENST00000263549.3:c.11C>T	ENSP00000263549.3:p.Ala4Val	11	4	tolerated(0.28)	benign(0.378)	NA	NA	NA	NA	NA	NA	NA	NA	0.67	0	YES	7	139762637	.	30.55	PASS	G	A	G=433;A=1	./.=12;G/G=216;G/A=1	1	1	0
T	ENSG00000107201	ENST00000379883	Transcript	missense_variant	DDX58	protein_coding	D/E	gaT/gaA	rs17217280&COSM3763881&CM097893	Dec.18	NA	deleterious(0.552)	NA	ENST00000379883.2:c.1740T>A	ENSP00000369213.2:p.Asp580Glu	1740	580	deleterious(0.01)	possibly_damaging(0.449)	T:0.0567	T:0.03223	T:0.1474	T:0.0068	T:0.1009	T:0.0129	T:0.1362	T:0.0562	0.983	0	YES	9	32480251	rs17217280	99360.85	PASS	A	T	A=393;T=61	./.=2;A/A=172;A/T=49;T/T=6	34	55	21
T	ENSG00000107201	ENST00000379883	Transcript	missense_variant&splice_region_variant	DDX58	protein_coding	R/Q	cGg/cAg	rs61752945	Nov.18	NA	deleterious(0.773)	NA	ENST00000379883.2:c.1637G>A	ENSP00000369213.2:p.Arg546Gln	1637	546	deleterious(0.03)	probably_damaging(0.967)	T:0.0114	T:0.01884	T:0.01314	T:0.0204	T:0.0101	T:0	T:0.0089	T:0.0143	0.983	0	YES	9	32481339	rs61752945	6083.59	PASS	C	T	C=444;T=8	./.=3;C/C=218;C/T=8	4	8	4
G	ENSG00000107201	ENST00000379883	Transcript	missense_variant	DDX58	protein_coding	C/R	Tgc/Cgc	NA	Nov.18	NA	neutral(0.454)	NA	ENST00000379883.2:c.1558T>C	ENSP00000369213.2:p.Cys520Arg	1558	520	deleterious(0)	benign(0.119)	NA	NA	NA	NA	NA	NA	NA	NA	0.983	0	YES	9	32481418	.	371.84	PASS	A	G	A=449;G=1	./.=4;A/A=224;A/G=1	1	1	0
A	ENSG00000107201	ENST00000379883	Transcript	missense_variant	DDX58	protein_coding	T/I	aCa/aTa	rs139600630&rs762248067	Nov.18	NA	neutral(0.058)	NA	ENST00000379883.2:c.1544C>T	ENSP00000369213.2:p.Thr515Ile	1544	515	tolerated(0.18)	benign(0.035)	A:0.0002	A:0	A:0.0004651	A:0.0008	A:0	A:0	A:0	A:0	0.983	0	YES	9	32481432	rs139600630	299.83	PASS	G	A	G=449;A=1	./.=4;G/G=224;G/A=1	1	1	0
C	ENSG00000107201	ENST00000379883	Transcript	missense_variant	DDX58	protein_coding	I/M	atA/atG	rs376053763	Jun.18	NA	deleterious(0.896)	NA	ENST00000379883.2:c.786A>G	ENSP00000369213.2:p.Ile262Met	786	262	deleterious(0.01)	probably_damaging(0.999)	NA	C:0	C:0.0001163	NA	NA	NA	NA	NA	0.983	0	YES	9	32489355	rs376053763	408.82	PASS	T	C	T=449;C=1	./.=4;T/T=224;T/C=1	1	1	0
A	ENSG00000107201	ENST00000379883	Transcript	missense_variant	DDX58	protein_coding	S/F	tCt/tTt	rs55789327&CM097892	Apr.18	NA	neutral(0.286)	NA	ENST00000379883.2:c.431C>T	ENSP00000369213.2:p.Ser144Phe	431	144	tolerated(0.1)	benign(0.001)	A:0.0477	A:0.07921	A:0.0006977	A:0.1104	A:0.0072	A:0.0407	A:0	A:0.0481	0.983	0	YES	9	32492529	rs55789327	4282.2	PASS	G	A	G=452;A=2	./.=2;G/G=225;G/A=2	2	2	0
G	ENSG00000107201	ENST00000379883	Transcript	missense_variant	DDX58	protein_coding	I/L	Att/Ctt	rs78786043	Mar.18	NA	deleterious(0.850)	NA	ENST00000379883.2:c.415A>C	ENSP00000369213.2:p.Ile139Leu	415	139	deleterious(0.01)	probably_damaging(0.991)	G:0.0066	G:0.01979	G:0.000233	G:0.0204	G:0.0072	G:0	G:0.001	G:0	0.983	0	YES	9	32493767	rs78786043	1010.13	PASS	T	G	T=435;G=1	./.=11;T/T=217;T/G=1	1	1	0
T	ENSG00000107201	ENST00000379883	Transcript	missense_variant	DDX58	protein_coding	R/H	cGt/cAt	rs72710678	Feb.18	NA	deleterious(0.637)	NA	ENST00000379883.2:c.212G>A	ENSP00000369213.2:p.Arg71His	212	71	deleterious(0.01)	possibly_damaging(0.657)	T:0.0046	T:0.003631	T:0.01558	T:0	T:0.0058	T:0	T:0.0109	T:0.0082	0.983	0	YES	9	32500832	rs72710678	7487.68	PASS	C	T	C=447;T=7	./.=2;C/C=220;C/T=7	2	7	5
A	ENSG00000107201	ENST00000379883	Transcript	missense_variant	DDX58	protein_coding	R/C	Cgc/Tgc	rs10813831&COSM3763882&CM091752	Jan.18	NA	deleterious(0.672)	NA	ENST00000379883.2:c.19C>T	ENSP00000369213.2:p.Arg7Cys	19	7	deleterious(0)	possibly_damaging(0.65)	A:0.1841	A:0.231	A:0.2573	A:0.2073	A:0.1628	A:0.1052	A:0.2773	A:0.1534	0.983	0	YES	9	32526146	rs10813831	63090.2	PASS	G	A	G=344;A=104	./.=5;G/G=130;G/A=84;A/A=10	45	94	49
A	ENSG00000136944	ENST00000355497	Transcript	missense_variant	LMX1B	protein_coding	G/D	gGc/gAc	rs150656317&COSM4163339	06.Aug	NA	neutral(0.059)	NA	ENST00000355497.5:c.914G>A	ENSP00000347684.5:p.Gly305Asp	914	305	tolerated(0.17)	benign(0.015)	A:0.0032	A:0.0003584	A:0.001719	A:0.0053	A:0.0014	A:0	A:0.004	A:0.0041	0.0982	0.82	YES	9	129456119	rs150656317	46.63	PASS	G	A	G=435;A=1	./.=11;G/G=217;G/A=1	1	1	0
T	ENSG00000185507	ENST00000397566	Transcript	stop_gained	IRF7	protein_coding	W/*	tgG/tgA	rs758818635	09.Sep	NA	NA	NA	ENST00000397566.1:c.1407G>A	ENSP00000380697.1:p.Trp469Ter	1407	469	NA	NA	NA	NA	NA	NA	NA	NA	NA	NA	0.0953	0	YES	11	612789	rs758818635	215.83	PASS	C	T	C=451;T=1	./.=3;C/C=225;C/T=1	1	1	0
C	ENSG00000185507	ENST00000397566	Transcript	missense_variant&splice_region_variant	IRF7	protein_coding	Q/R	cAa/cGa	rs1131665&CM115655	07.Sep	NA	neutral(0.000)	NA	ENST00000397566.1:c.1274A>G	ENSP00000380697.1:p.Gln425Arg	1274	425	tolerated(1)	benign(0)	C:0.2756	NA	NA	C:0.5847	C:0.3026	C:0.0208	C:0.2674	C:0.1094	0.0953	0	YES	11	613208	rs1131665	211816.89	PASS	T	C	T=337;C=117	./.=2;T/T=127;T/C=83;C/C=17	51	100	49
A	ENSG00000185507	ENST00000397566	Transcript	missense_variant	IRF7	protein_coding	R/C	Cgc/Tgc	NA	07.Sep	NA	deleterious(0.720)	NA	ENST00000397566.1:c.1069C>T	ENSP00000380697.1:p.Arg357Cys	1069	357	deleterious(0.01)	possibly_damaging(0.827)	NA	NA	NA	NA	NA	NA	NA	NA	0.0953	0	YES	11	613413	.	944.74	PASS	G	A	G=453;A=1	./.=2;G/G=226;G/A=1	1	1	0
G	ENSG00000185507	ENST00000397566	Transcript	missense_variant	IRF7	protein_coding	A/P	Gcg/Ccg	rs888494437	05.Sep	NA	neutral(0.032)	NA	ENST00000397566.1:c.790G>C	ENSP00000380697.1:p.Ala264Pro	790	264	tolerated(0.28)	benign(0)	NA	NA	NA	NA	NA	NA	NA	NA	0.0953	0	YES	11	613966	.	336.77	PASS	C	G	C=453;G=1	./.=2;C/C=226;C/G=1	1	1	0
A	ENSG00000185507	ENST00000397566	Transcript	missense_variant	IRF7	protein_coding	T/I	aCt/aTt	NA	04.Sep	NA	neutral(0.049)	NA	ENST00000397566.1:c.701C>T	ENSP00000380697.1:p.Thr234Ile	701	234	tolerated(0.21)	benign(0.073)	NA	NA	NA	NA	NA	NA	NA	NA	0.0953	0	YES	11	614191	.	264.76	PASS	G	A	G=453;A=1	./.=2;G/G=226;G/A=1	1	1	0
T	ENSG00000185507	ENST00000397566	Transcript	missense_variant	IRF7	protein_coding	G/E	gGa/gAa	rs140823442	04.Sep	NA	neutral(0.001)	NA	ENST00000397566.1:c.680G>A	ENSP00000380697.1:p.Gly227Glu	680	227	tolerated(1)	benign(0.019)	T:0.0002	NA	NA	T:0.0008	T:0	T:0	T:0	T:0	0.0953	0	YES	11	614212	rs140823442	173.76	PASS	C	T	C=453;T=1	./.=2;C/C=226;C/T=1	1	1	0
C	ENSG00000185507	ENST00000397566	Transcript	missense_variant	IRF7	protein_coding	K/E	Aag/Gag	rs1061502	04.Sep	NA	neutral(0.000)	NA	ENST00000397566.1:c.574A>G	ENSP00000380697.1:p.Lys192Glu	574	192	tolerated(1)	benign(0)	C:0.2756	NA	NA	C:0.5847	C:0.3026	C:0.0208	C:0.2674	C:0.1094	0.0953	0	YES	11	614318	rs1061502	118841.97	PASS	T	C	T=337;C=117	./.=2;T/T=127;T/C=83;C/C=17	51	100	49
A	ENSG00000185507	ENST00000397566	Transcript	missense_variant	IRF7	protein_coding	P/S	Ccc/Tcc	NA	04.Sep	NA	neutral(0.281)	NA	ENST00000397566.1:c.550C>T	ENSP00000380697.1:p.Pro184Ser	550	184	tolerated(0.29)	possibly_damaging(0.701)	NA	NA	NA	NA	NA	NA	NA	NA	0.0953	0	YES	11	614342	.	416.77	PASS	G	A	G=451;A=1	./.=3;G/G=225;G/A=1	1	1	0
T	ENSG00000185507	ENST00000397566	Transcript	missense_variant	IRF7	protein_coding	G/D	gGc/gAc	NA	03.Sep	NA	deleterious(0.614)	NA	ENST00000397566.1:c.443G>A	ENSP00000380697.1:p.Gly148Asp	443	148	deleterious(0.02)	possibly_damaging(0.656)	NA	NA	NA	NA	NA	NA	NA	NA	0.0953	0	YES	11	614525	.	1596.44	PASS	C	T	C=446;T=2	./.=5;C/C=222;C/T=2	1	2	1
C	ENSG00000185507	ENST00000397566	Transcript	missense_variant	IRF7	protein_coding	Y/C	tAt/tGt	NA	01.Sep	NA	deleterious(0.945)	NA	ENST00000397566.1:c.119A>G	ENSP00000380697.1:p.Tyr40Cys	119	40	deleterious(0)	probably_damaging(1)	NA	NA	NA	NA	NA	NA	NA	NA	0.0953	0	YES	11	615200	.	340.75	PASS	T	C	T=453;C=1	./.=2;T/T=226;T/C=1	1	1	0
T	ENSG00000089127	ENST00000445409	Transcript	stop_gained	OAS1	protein_coding	R/*	Cga/Tga	rs200259745	01.Jun	NA	NA	NA	ENST00000445409.2:c.139C>T	ENSP00000388001.2:p.Arg47Ter	139	47	NA	NA	NA	T:0.000227	T:0	NA	NA	NA	NA	NA	0.979	0	YES	12	113344983	rs200259745	897.27	PASS	C	T	C=452;T=2	./.=2;C/C=225;C/T=2	2	2	0
G	ENSG00000089127	ENST00000445409	Transcript	missense_variant	OAS1	protein_coding	R/G	Aga/Gga	rs139804868	02.Jun	NA	deleterious(0.559)	NA	ENST00000445409.2:c.310A>G	ENSP00000388001.2:p.Arg104Gly	310	104	deleterious(0.02)	possibly_damaging(0.523)	G:0.0004	G:0.0004539	G:0	G:0	G:0	G:0	G:0	G:0.002	0.979	0	YES	12	113346470	rs139804868	1765.2	PASS	A	G	A=452;G=2	./.=2;A/A=225;A/G=2	2	2	0
G	ENSG00000089127	ENST00000445409	Transcript	missense_variant	OAS1	protein_coding	P/R	cCc/cGc	rs146859513	02.Jun	NA	neutral(0.415)	NA	ENST00000445409.2:c.386C>G	ENSP00000388001.2:p.Pro129Arg	386	129	deleterious(0.01)	benign(0.118)	G:0.0004	G:0.0004539	G:0	G:0	G:0	G:0	G:0	G:0.002	0.979	0	YES	12	113346546	rs146859513	856.22	PASS	C	G	C=452;G=2	./.=2;C/C=225;C/G=2	2	2	0
A	ENSG00000089127	ENST00000445409	Transcript	missense_variant	OAS1	protein_coding	G/S	Ggc/Agc	rs1131454&CM060397	03.Jun	NA	neutral(0.253)	NA	ENST00000445409.2:c.484G>A	ENSP00000388001.2:p.Gly162Ser	484	162	tolerated(0.13)	benign(0.015)	A:0.4738	A:0.2453	A:0.566	A:0.149	A:0.6268	A:0.5913	A:0.5746	A:0.5798	0.979	0	YES	12	113348870	rs1131454	343120.05	PASS	G	A	G=192;A=262	./.=2;G/G=40;G/A=112;A/A=75	101	187	86
A	ENSG00000089127	ENST00000445409	Transcript	missense_variant	OAS1	protein_coding	R/Q	cGa/cAa	rs56006713	04.Jun	NA	neutral(0.001)	NA	ENST00000445409.2:c.725G>A	ENSP00000388001.2:p.Arg242Gln	725	242	tolerated(1)	benign(0.021)	A:0.0164	A:0.02542	A:0.0001163	A:0.0325	A:0.0043	A:0.0208	A:0	A:0.0153	0.979	0	YES	12	113354384	rs56006713	2874.19	PASS	G	A	G=452;A=2	./.=2;G/G=225;G/A=2	2	2	0
A	ENSG00000089127	ENST00000445409	Transcript	missense_variant	OAS1	protein_coding	G/S	Ggc/Agc	rs11836381	06.Jun	NA	neutral(0.328)	NA	ENST00000445409.2:c.1054G>A	ENSP00000388001.2:p.Gly352Ser	1054	352	tolerated(0.15)	benign(0.282)	A:0.0098	A:0.02996	A:0	A:0.0348	A:0.0043	A:0	A:0	A:0	0.979	0	YES	12	113357307	rs11836381	68.74	PASS	G	A	G=453;A=1	./.=2;G/G=226;G/A=1	1	1	0
A	ENSG00000089127	ENST00000445409	Transcript	missense_variant	OAS1	protein_coding	G/R	Gga/Aga	rs2660&CM119728	06.Jun	NA	NA	NA	ENST00000445409.2:c.1189G>A	ENSP00000388001.2:p.Gly397Arg	1189	397	NA	benign(0.015)	G:0.2123	A:0.9231	A:0.6459	A:0.9728	A:0.7954	A:0.745	A:0.6551	A:0.7127	0.979	0	YES	12	113357442	rs2660	315251.76	PASS	G	A	G=145;A=309	./.=2;G/G=24;G/A=97;A/A=106	108	203	95
C	ENSG00000089127	ENST00000445409	Transcript	missense_variant	OAS1	protein_coding	Q/H	caG/caC	rs200449990	06.Jun	NA	NA	NA	ENST00000445409.2:c.1224G>C	ENSP00000388001.2:p.Gln408His	1224	408	NA	benign(0.094)	C:0.0002	NA	NA	C:0	C:0	C:0	C:0.001	C:0	0.979	0	YES	12	113357477	rs200449990	513.87	PASS	G	C	G=453;C=1	./.=2;G/G=226;G/C=1	1	1	0
A	ENSG00000111331	ENST00000228928	Transcript	missense_variant	OAS3	protein_coding	R/K	aGg/aAg	rs1859330	Jan.16	NA	neutral(0.049)	NA	ENST00000228928.7:c.53G>A	ENSP00000228928.7:p.Arg18Lys	53	18	tolerated(0.2)	benign(0.005)	G:0.3369	A:0.5922	A:0.636	A:0.5537	A:0.7219	A:0.749	A:0.6302	A:0.7147	0.974	0	YES	12	113376388	rs1859330	189746.69	PASS	G	A	G=156;A=296	./.=3;G/G=28;G/A=100;A/A=98	108	198	90
T	ENSG00000111331	ENST00000228928	Transcript	missense_variant	OAS3	protein_coding	R/W	Cgg/Tgg	rs12819767	Feb.16	NA	deleterious(0.846)	NA	ENST00000228928.7:c.193C>T	ENSP00000228928.7:p.Arg65Trp	193	65	deleterious(0)	probably_damaging(0.958)	T:0.0068	T:0.002632	T:0.02128	T:0.0008	T:0.0043	T:0.001	T:0.0268	T:0.002	0.974	0	YES	12	113379390	rs12819767	7372.73	PASS	C	T	C=444;T=10	./.=2;C/C=217;C/T=10	6	10	4
C	ENSG00000111331	ENST00000228928	Transcript	missense_variant	OAS3	protein_coding	E/Q	Gag/Cag	rs45585037	Mar.16	NA	deleterious(0.787)	NA	ENST00000228928.7:c.535G>C	ENSP00000228928.7:p.Glu179Gln	535	179	deleterious(0)	possibly_damaging(0.879)	NA	C:0.0002446	C:0.0008339	NA	NA	NA	NA	NA	0.974	0	YES	12	113382355	rs45585037	1174.73	PASS	G	C	G=453;C=1	./.=2;G/G=226;G/C=1	1	1	0
G	ENSG00000111331	ENST00000228928	Transcript	missense_variant	OAS3	protein_coding	S/R	agC/agG	rs2285933	Jun.16	NA	neutral(0.007)	NA	ENST00000228928.7:c.1143C>G	ENSP00000228928.7:p.Ser381Arg	1143	381	tolerated_low_confidence(0.55)	benign(0.007)	G:0.2806	G:0.3658	G:0.2613	G:0.4092	G:0.379	G:0.1577	G:0.2565	G:0.1881	0.974	0	YES	12	113386779	rs2285933	212354.16	PASS	C	G	C=329;G=125	./.=2;C/C=118;C/G=93;G/G=16	54	109	55
A	ENSG00000111331	ENST00000228928	Transcript	missense_variant	OAS3	protein_coding	V/I	Gtc/Atc	rs185547332	Jun.16	NA	neutral(0.323)	NA	ENST00000228928.7:c.1366G>A	ENSP00000228928.7:p.Val456Ile	1366	456	tolerated(0.07)	benign(0.063)	A:0.0008	A:0.000239	A:0.001064	A:0	A:0.0043	A:0	A:0.001	A:0	0.974	0	YES	12	113387002	rs185547332	194.77	PASS	G	A	G=453;A=1	./.=2;G/G=226;G/A=1	1	1	0
A	ENSG00000111331	ENST00000228928	Transcript	missense_variant	OAS3	protein_coding	R/H	cGc/cAc	rs115666428	Jul.16	NA	neutral(0.012)	NA	ENST00000228928.7:c.1475G>A	ENSP00000228928.7:p.Arg492His	1475	492	tolerated(0.46)	benign(0.003)	A:0.0118	A:0.02855	A:0.003281	A:0.0401	A:0.0043	A:0	A:0.003	A:0	0.974	0	YES	12	113388598	rs115666428	1819.73	PASS	G	A	G=453;A=1	./.=2;G/G=226;G/A=1	1	1	0
T	ENSG00000111331	ENST00000228928	Transcript	stop_gained	OAS3	protein_coding	R/*	Cga/Tga	rs61942233	Dec.16	NA	NA	NA	ENST00000228928.7:c.2530C>T	ENSP00000228928.7:p.Arg844Ter	2530	844	NA	NA	T:0.0052	T:0.004502	T:0.01685	T:0.0015	T:0.0058	T:0	T:0.0109	T:0.0092	0.974	0	YES	12	113403675	rs61942233	8916.29	PASS	C	T	C=446;T=8	./.=2;C/C=220;C/T=6;T/T=1	4	7	3
A	ENSG00000111331	ENST00000228928	Transcript	missense_variant	OAS3	protein_coding	R/H	cGc/cAc	rs16942374	Dec.16	NA	deleterious(0.919)	NA	ENST00000228928.7:c.2606G>A	ENSP00000228928.7:p.Arg869His	2606	869	deleterious(0)	probably_damaging(0.998)	A:0.0018	A:0.0004883	A:0	A:0	A:0	A:0.0089	A:0	A:0	0.974	0	YES	12	113403751	rs16942374	758.73	PASS	G	A	G=453;A=1	./.=2;G/G=226;G/A=1	1	1	0
A	ENSG00000111331	ENST00000228928	Transcript	missense_variant	OAS3	protein_coding	R/Q	cGg/cAg	rs61732395	13/16	NA	deleterious(0.857)	NA	ENST00000228928.7:c.2795G>A	ENSP00000228928.7:p.Arg932Gln	2795	932	deleterious(0.02)	probably_damaging(0.998)	A:0.0042	A:0.001633	A:0.01347	A:0.0008	A:0	A:0	A:0.0149	A:0.0051	0.974	0	YES	12	113405328	rs61732395	1457.73	PASS	G	A	G=453;A=1	./.=2;G/G=226;G/A=1	1	1	0
A	ENSG00000111331	ENST00000228928	Transcript	missense_variant	OAS3	protein_coding	V/M	Gtg/Atg	rs45620632	16/16	NA	deleterious(0.757)	NA	ENST00000228928.7:c.3259G>A	ENSP00000228928.7:p.Val1087Met	3259	1087	deleterious(0)	possibly_damaging(0.825)	A:0.0112	A:0.007428	A:0.0001205	A:0.0189	A:0	A:0.0248	A:0	A:0.0061	0.974	0	YES	12	113407773	rs45620632	371.76	PASS	G	A	G=453;A=1	./.=2;G/G=226;G/A=1	1	1	0
G	ENSG00000111335	ENST00000342315	Transcript	stop_lost	OAS2	protein_coding	*/W	tAg/tGg	rs15895	11.Nov	NA	NA	NA	ENST00000342315.4:c.2159A>G	ENSP00000342278.4:p.Ter720TrpextTer8	2159	720	NA	NA	A:0.1356	G:0.9333	G:0.6557	G:0.9879	G:0.7781	G:0.997	G:0.6441	G:0.8487	0.983	0	YES	12	113448288	rs15895	369600.59	PASS	A	G	A=149;G=305	./.=2;A/A=29;A/G=91;G/G=107	110	198	88
T	ENSG00000133106	ENST00000313640	Transcript	missense_variant	EPSTI1	protein_coding	N/K	aaT/aaA	rs1044856	13/13	NA	deleterious(0.786)	NA	ENST00000313640.7:c.1197T>A	ENSP00000318982.7:p.Asn399Lys	1197	399	deleterious_low_confidence(0)	possibly_damaging(0.876)	T:0.1573	T:0.06582	T:0.3412	T:0.0182	T:0.2003	T:0.126	T:0.3419	T:0.1575	0.321	0	YES	13	43462422	rs1044856	147897.33	PASS	A	T	A=316;T=138	./.=2;A/A=113;A/T=90;T/T=24	58	114	56
TCAGG	ENSG00000133106	ENST00000313640	Transcript	frameshift_variant	EPSTI1	protein_coding	E/DLX	gaa/gaCCTGAa	rs61389340	13/13	NA	NA	NA	ENST00000313640.7:c.1180_1184dup	ENSP00000318982.7:p.Glu395AspfsTer24	1184-1185	395	NA	NA	TCAGG:0.1260	TCAGG:0.1542	TCAGG:0.02605	TCAGG:0.1914	TCAGG:0.0605	TCAGG:0.1597	TCAGG:0.0348	TCAGG:0.1431	0.321	0	YES	13	43462434	rs61389340	13460.66	PASS	T	TTCAGG	T=441;TTCAGG=13	./.=2;T/T=214;T/TTCAGG=13	5	13	8
A	ENSG00000133106	ENST00000313640	Transcript	missense_variant	EPSTI1	protein_coding	P/S	Cct/Tct	rs11557739	13/13	NA	deleterious(0.511)	NA	ENST00000313640.7:c.1012C>T	ENSP00000318982.7:p.Pro338Ser	1012	338	deleterious_low_confidence(0.04)	possibly_damaging(0.488)	A:0.0413	A:0.0177	A:0.07663	A:0.0053	A:0.0865	A:0.002	A:0.0716	A:0.0675	0.321	0	YES	13	43462607	rs11557739	22817.36	PASS	G	A	G=425;A=29	./.=2;G/G=198;G/A=29	12	29	17
T	ENSG00000133106	ENST00000313640	Transcript	missense_variant&splice_region_variant	EPSTI1	protein_coding	G/S	Ggt/Agt	rs79111014	Dec.13	NA	neutral(0.001)	SPLICE_CONSENSUS-Exonic-1	ENST00000313640.7:c.949G>A	ENSP00000318982.7:p.Gly317Ser	949	317	tolerated(0.78)	benign(0)	T:0.0282	T:0.001137	T:0.0006978	T:0.0008	T:0.0086	T:0.0744	T:0	T:0.0603	0.321	0	YES	13	43463378	rs79111014	1788.1	PASS	C	T	C=438;T=6	./.=7;C/C=216;C/T=6	4	6	2
G	ENSG00000133106	ENST00000313640	Transcript	missense_variant	EPSTI1	protein_coding	R/S	agA/agC	rs145975088	Jun.13	NA	deleterious(0.880)	NA	ENST00000313640.7:c.534A>C	ENSP00000318982.7:p.Arg178Ser	534	178	deleterious(0.01)	probably_damaging(0.998)	G:0.0038	G:0.0006809	G:0	G:0	G:0	G:0.0179	G:0	G:0.001	0.321	0	YES	13	43528113	rs145975088	346.96	PASS	T	G	T=449;G=1	./.=4;T/T=224;T/G=1	1	1	0
-	ENSG00000139921	ENST00000457354	Transcript	inframe_deletion	TMX1	protein_coding	SE/S	tcAGAa/tca	rs766377296	08.Aug	NA	NA	NA	ENST00000457354.2:c.749_751del	ENSP00000393316.2:p.Glu250del	741-743	247-248	NA	NA	NA	-:0.007563	-:0.01289	NA	NA	NA	NA	NA	0.535	0	YES	14	51721134	rs766377296	3865.3	PASS	CAGA	C	CAGA=452;C=2	./.=2;CAGA/CAGA=225;CAGA/C=2	2	2	0
A	ENSG00000139921	ENST00000457354	Transcript	missense_variant	TMX1	protein_coding	L/M	Ttg/Atg	rs781632744	08.Aug	NA	neutral(0.360)	NA	ENST00000457354.2:c.823T>A	ENSP00000393316.2:p.Leu275Met	823	275	deleterious_low_confidence(0.04)	benign(0.135)	NA	NA	NA	NA	NA	NA	NA	NA	0.535	0	YES	14	51721217	rs781632744	916.01	PASS	T	A	T=453;A=1	./.=2;T/T=226;T/A=1	1	1	0
T	ENSG00000165949	ENST00000555744	Transcript	missense_variant	IFI27	protein_coding	S/F	tCc/tTc	rs2227974	05.May	NA	deleterious(0.699)	NA	ENST00000555744.1:c.317C>T	ENSP00000451956.1:p.Ser106Phe	317	106	tolerated(0.07)	probably_damaging(0.934)	T:0.0719	T:0.1875	T:0.0006977	T:0.2579	T:0.0216	T:0	T:0.004	T:0	0.621	0.06	YES	14	94582821	rs2227974	2484.7	PASS	C	T	C=451;T=3	./.=2;C/C=224;C/T=3	1	3	2
-	ENSG00000132530	ENST00000361842	Transcript	frameshift_variant	XAF1	protein_coding	C/X	tGc/tc	rs771667902	04.Jul	NA	NA	NA	ENST00000361842.3:c.266del	ENSP00000354822.3:p.Cys89SerfsTer71	266	89	NA	NA	NA	NA	NA	NA	NA	NA	NA	NA	0.923	0	YES	17	6663764	.	330.75	PASS	TG	T	TG=451;T=1	./.=3;TG/TG=225;TG/T=1	1	1	0
A	ENSG00000132530	ENST00000361842	Transcript	missense_variant	XAF1	protein_coding	R/H	cGc/cAc	rs2271232	04.Jul	NA	neutral(0.039)	NA	ENST00000361842.3:c.395G>A	ENSP00000354822.3:p.Arg132His	395	132	tolerated(0.36)	benign(0.2)	A:0.1338	NA	NA	A:0.2481	A:0.072	A:0.1855	A:0.0398	A:0.0665	0.923	0	YES	17	6663894	rs2271232	5293.97	PASS	G	A	G=428;A=20	./.=5;G/G=204;G/A=20	15	20	5
G	ENSG00000181481	ENST00000328381	Transcript	missense_variant	RNF135	protein_coding	H/Q	caC/caG	rs7225888	01.May	NA	neutral(0.002)	NA	ENST00000328381.5:c.213C>G	ENSP00000328340.5:p.His71Gln	213	71	tolerated(0.68)	benign(0)	G:0.2183	G:0.3984	G:0.006463	G:0.7731	G:0.0548	G:0.001	G:0.0119	G:0.0204	NA	0	YES	17	29298304	rs7225888	8584.2	PASS	C	G	C=425;G=21	./.=6;C/C=206;C/G=13;G/G=4	4	17	13
C	ENSG00000181481	ENST00000328381	Transcript	missense_variant	RNF135	protein_coding	S/P	Tcc/Ccc	rs7211440	01.May	NA	neutral(0.001)	NA	ENST00000328381.5:c.322T>C	ENSP00000328340.5:p.Ser108Pro	322	108	tolerated(0.84)	benign(0)	C:0.2171	C:0.3778	C:0.005605	C:0.77	C:0.0519	C:0.001	C:0.0119	C:0.0204	NA	0	YES	17	29298413	rs7211440	3048.02	PASS	T	C	T=412;C=20	./.=13;T/T=202;T/C=8;C/C=6	3	14	11
A	ENSG00000181481	ENST00000328381	Transcript	missense_variant	RNF135	protein_coding	R/K	aGg/aAg	rs111902263	01.May	NA	neutral(0.001)	NA	ENST00000328381.5:c.344G>A	ENSP00000328340.5:p.Arg115Lys	344	115	tolerated(0.86)	benign(0.006)	A:0.0076	A:0.003018	A:0.007635	A:0.003	A:0.0101	A:0	A:0.0268	A:0	NA	0	YES	17	29298435	rs111902263	2766.54	PASS	G	A	G=406;A=12	./.=20;G/G=197;G/A=12	6	12	6
G	ENSG00000181481	ENST00000328381	Transcript	missense_variant	RNF135	protein_coding	S/C	tCt/tGt	rs60501934	03.May	NA	neutral(0.050)	NA	ENST00000328381.5:c.527C>G	ENSP00000328340.5:p.Ser176Cys	527	176	tolerated(0.19)	benign(0.007)	G:0.0032	G:0.01543	G:0	G:0.0121	G:0	G:0	G:0	G:0	NA	0	YES	17	29314972	rs60501934	90.74	PASS	C	G	C=453;G=1	./.=2;C/C=226;C/G=1	1	1	0
-	ENSG00000181481	ENST00000328381	Transcript	frameshift_variant	RNF135	protein_coding	S/X	agC/ag	rs773691749&rs774031509	05.May	NA	NA	NA	ENST00000328381.5:c.901del	ENSP00000328340.5:p.Gln301ArgfsTer34	900	300	NA	NA	NA	-:0	-:0.0007269	NA	NA	NA	NA	NA	NA	0	YES	17	29325809	rs773691749	1634.68	PASS	GC	G	GC=453;G=1	./.=2;GC/GC=226;GC/G=1	1	1	0
T	ENSG00000181481	ENST00000328381	Transcript	stop_gained	RNF135	protein_coding	E/*	Gag/Tag	rs749576159	05.May	NA	NA	NA	ENST00000328381.5:c.1186G>T	ENSP00000328340.5:p.Glu396Ter	1186	396	NA	NA	NA	NA	NA	NA	NA	NA	NA	NA	NA	0	YES	17	29326096	rs749576159	607.73	PASS	G	T	G=453;T=1	./.=2;G/G=226;G/T=1	1	1	0
T	ENSG00000181481	ENST00000328381	Transcript	missense_variant	RNF135	protein_coding	W/C	tgG/tgT	rs61749868	05.May	NA	deleterious(0.945)	NA	ENST00000328381.5:c.1245G>T	ENSP00000328340.5:p.Trp415Cys	1245	415	deleterious(0)	probably_damaging(1)	T:0.0024	T:0.00227	T:0.01	T:0.0015	T:0	T:0	T:0.0099	T:0	NA	0	YES	17	29326155	rs61749868	2970.42	PASS	G	T	G=449;T=5	./.=2;G/G=222;G/T=5	4	5	1
G	ENSG00000068079	ENST00000438323	Transcript	missense_variant	IFI35	protein_coding	Q/E	Cag/Gag	rs12948870	02.Jul	NA	deleterious(0.769)	NA	ENST00000438323.2:c.46C>G	ENSP00000395590.2:p.Gln16Glu	46	16	tolerated(0.05)	probably_damaging(0.98)	G:0.0417	G:0.1244	G:0	G:0.1551	G:0.0058	G:0	G:0	G:0	0.916	0	YES	17	41164220	rs12948870	1371.35	PASS	C	G	C=452;G=2	./.=2;C/C=225;C/G=2	2	2	0
G	ENSG00000068079	ENST00000438323	Transcript	missense_variant	IFI35	protein_coding	R/G	Aga/Gga	rs148786311	02.Jul	NA	neutral(0.360)	NA	ENST00000438323.2:c.52A>G	ENSP00000395590.2:p.Arg18Gly	52	18	tolerated(0.13)	benign(0.343)	G:0.0016	G:0.0004564	G:0.001749	G:0.0008	G:0	G:0	G:0.003	G:0.0041	0.916	0	YES	17	41164226	rs148786311	1789.16	PASS	A	G	A=450;G=4	./.=2;A/A=223;A/G=4	1	4	3
G	ENSG00000068079	ENST00000438323	Transcript	missense_variant&splice_region_variant	IFI35	protein_coding	M/V	Atg/Gtg	rs588703	05.Jul	NA	neutral(0.249)	SPLICE_CONSENSUS-Exonic-1	ENST00000438323.2:c.382A>G	ENSP00000395590.2:p.Met128Val	382	128	tolerated(0.14)	benign(0)	A:0.0246	G:0.9292	G:0.9998	G:0.9145	G:0.9856	G:1	G:1	G:1	0.916	0	YES	17	41165493	rs588703	722574.22	PASS	A	G	A=2;G=452	./.=2;A/G=2;G/G=225	118	227	109
GGTGTT	ENSG00000068079	ENST00000438323	Transcript	inframe_insertion	IFI35	protein_coding	R/RVL	agg/agGGTGTTg	rs759202201	05.Jul	NA	NA	NA	ENST00000438323.2:c.411_416dup	ENSP00000395590.2:p.Leu138_Val139dup	407-408	136	NA	NA	NA	NA	NA	NA	NA	NA	NA	NA	0.916	0	YES	17	41165518	rs759202201	2192.68	PASS	G	GGGTGTT	G=453;GGGTGTT=1	./.=2;G/G=226;G/GGGTGTT=1	1	1	0
T	ENSG00000068079	ENST00000438323	Transcript	missense_variant	IFI35	protein_coding	V/F	Gtt/Ttt	rs140488187&COSM1254604&COSM71127	05.Jul	NA	neutral(0.020)	NA	ENST00000438323.2:c.517G>T	ENSP00000395590.2:p.Val173Phe	517	173	tolerated(0.36)	benign(0)	A:0.0002	A:0.000227	A:0	A:0.0008	A:0	A:0	A:0	A:0	0.916	0	YES	17	41165628	.	716.76	PASS	G	T	G=453;T=1	./.=2;G/G=226;G/T=1	1	1	0
T	ENSG00000068079	ENST00000438323	Transcript	missense_variant	IFI35	protein_coding	P/L	cCa/cTa	NA	05.Jul	NA	neutral(0.243)	NA	ENST00000438323.2:c.533C>T	ENSP00000395590.2:p.Pro178Leu	533	178	tolerated(0.15)	benign(0.037)	NA	NA	NA	NA	NA	NA	NA	NA	0.916	0	YES	17	41165644	.	1007.75	PASS	C	T	C=453;T=1	./.=2;C/C=226;C/T=1	1	1	0
A	ENSG00000068079	ENST00000438323	Transcript	missense_variant	IFI35	protein_coding	R/H	cGt/cAt	rs146311145&COSM215690	06.Jul	NA	neutral(0.004)	NA	ENST00000438323.2:c.578G>A	ENSP00000395590.2:p.Arg193His	578	193	tolerated(0.61)	benign(0.003)	A:0.0044	A:0.001135	A:0.01	A:0	A:0.0058	A:0	A:0.005	A:0.0133	0.916	0	YES	17	41165802	rs146311145	1499.25	PASS	G	A	G=452;A=2	./.=2;G/G=225;G/A=2	1	2	1
T	ENSG00000088888	ENST00000428216	Transcript	missense_variant	MAVS	protein_coding	R/W	Cgg/Tgg	rs78448735	03.Jul	NA	deleterious(0.945)	NA	ENST00000428216.2:c.193C>T	ENSP00000401980.2:p.Arg65Trp	193	65	deleterious(0)	probably_damaging(1)	T:0.0008	T:0	T:0.000814	T:0	T:0	T:0	T:0.004	T:0	0.864	0	YES	20	3838357	rs78448735	869.77	PASS	C	T	C=453;T=1	./.=2;C/C=226;C/T=1	1	1	0
A	ENSG00000088888	ENST00000428216	Transcript	missense_variant	MAVS	protein_coding	C/S	Tgt/Agt	rs11908032	03.Jul	NA	deleterious(0.839)	NA	ENST00000428216.2:c.235T>A	ENSP00000401980.2:p.Cys79Ser	235	79	deleterious(0.03)	probably_damaging(0.998)	A:0.0359	A:0.005901	A:0	A:0.1301	A:0.0086	A:0	A:0.002	A:0	0.864	0	YES	20	3838399	rs11908032	4157.2	PASS	T	A	T=452;A=2	./.=2;T/T=225;T/A=2	1	2	1
T	ENSG00000088888	ENST00000428216	Transcript	missense_variant	MAVS	protein_coding	C/F	tGt/tTt	rs11905552&CM116640	03.Jul	NA	deleterious(0.935)	NA	ENST00000428216.2:c.236G>T	ENSP00000401980.2:p.Cys79Phe	236	79	deleterious(0)	probably_damaging(0.999)	T:0.0359	T:0.003631	T:0	T:0.1301	T:0.0086	T:0	T:0.002	T:0	0.864	0	YES	20	3838400	rs11905552	4157.2	PASS	G	T	G=452;T=2	./.=2;G/G=225;G/T=2	1	2	1
G	ENSG00000088888	ENST00000428216	Transcript	missense_variant	MAVS	protein_coding	Q/E	Cag/Gag	rs17857295	03.Jul	NA	neutral(0.400)	NA	ENST00000428216.2:c.277C>G	ENSP00000401980.2:p.Gln93Glu	277	93	tolerated(0.11)	benign(0.4)	G:0.2909	G:0.1026	G:0.2484	G:0.0779	G:0.2882	G:0.5605	G:0.2833	G:0.3108	0.864	0	YES	20	3838441	rs17857295	178400.22	PASS	C	G	C=331;G=123	./.=2;C/C=119;C/G=93;G/G=15	56	108	52
A	ENSG00000088888	ENST00000428216	Transcript	missense_variant	MAVS	protein_coding	Q/K	Cag/Aag	rs7262903&CM100906	05.Jul	NA	deleterious(0.637)	NA	ENST00000428216.2:c.592C>A	ENSP00000401980.2:p.Gln198Lys	592	198	deleterious(0.05)	possibly_damaging(0.78)	A:0.1556	A:0.1872	A:0.1623	A:0.2065	A:0.1052	A:0.0952	A:0.1561	A:0.184	0.864	0	YES	20	3843027	rs7262903	59396.01	PASS	C	A	C=382;A=70	./.=3;C/C=161;C/A=60;A/A=5	34	65	31
T	ENSG00000088888	ENST00000428216	Transcript	missense_variant	MAVS	protein_coding	R/C	Cgt/Tgt	rs45437096	06.Jul	NA	neutral(0.037)	NA	ENST00000428216.2:c.652C>T	ENSP00000401980.2:p.Arg218Cys	652	218	tolerated(0.24)	benign(0.007)	T:0.0525	T:0.03836	T:0.1649	T:0.0106	T:0.0893	T:0	T:0.159	T:0.0276	0.864	0	YES	20	3844929	rs45437096	104088.99	PASS	C	T	C=389;T=63	./.=3;C/C=167;C/T=55;T/T=4	30	59	29
C	ENSG00000088888	ENST00000428216	Transcript	missense_variant	MAVS	protein_coding	M/T	aTg/aCg	rs201030078	06.Jul	NA	neutral(0.266)	NA	ENST00000428216.2:c.908T>C	ENSP00000401980.2:p.Met303Thr	908	303	tolerated(0.14)	benign(0.173)	NA	NA	NA	NA	NA	NA	NA	NA	0.864	0	YES	20	3845185	rs201030078	1315.74	PASS	T	C	T=453;C=1	./.=2;T/T=226;T/C=1	1	1	0
T	ENSG00000088888	ENST00000428216	Transcript	missense_variant	MAVS	protein_coding	S/F	tCt/tTt	rs7269320	07.Jul	NA	deleterious(0.693)	NA	ENST00000428216.2:c.1226C>T	ENSP00000401980.2:p.Ser409Phe	1226	409	tolerated(0.07)	probably_damaging(0.925)	T:0.2121	T:0.3588	T:0.162	T:0.4123	T:0.1268	T:0.0883	T:0.159	T:0.184	0.864	0	YES	20	3846397	rs7269320	50377.39	PASS	C	T	C=378;T=76	./.=2;C/C=156;C/T=66;T/T=5	39	71	32
T	ENSG00000088888	ENST00000428216	Transcript	missense_variant	MAVS	protein_coding	G/W	Ggg/Tgg	NA	07.Jul	NA	neutral(0.000)	NA	ENST00000428216.2:c.1540G>T	ENSP00000401980.2:p.Gly514Trp	1540	514	tolerated(1)	benign(0.001)	NA	NA	NA	NA	NA	NA	NA	NA	0.864	0	YES	20	3846711	.	545.73	PASS	G	T	G=453;T=1	./.=2;G/G=226;G/T=1	1	1	0
T	ENSG00000088888	ENST00000428216	Transcript	missense_variant	MAVS	protein_coding	R/W	Cgg/Tgg	rs143155710	07.Jul	NA	deleterious(0.945)	NA	ENST00000428216.2:c.1609C>T	ENSP00000401980.2:p.Arg537Trp	1609	537	deleterious(0)	probably_damaging(1)	A:0.0002	A:0	A:0.0002339	A:0	A:0.0014	A:0	A:0	A:0	0.864	0	YES	20	3846780	rs143155710	232.73	PASS	C	T	C=453;T=1	./.=2;C/C=226;C/T=1	1	1	0
A	ENSG00000157601	ENST00000398600	Transcript	missense_variant	MX1	protein_coding	V/I	Gtc/Atc	rs150271063&COSM3991942	Aug.19	NA	deleterious(0.783)	NA	ENST00000398600.2:c.223G>A	ENSP00000381601.2:p.Val75Ile	223	75	deleterious(0)	possibly_damaging(0.871)	NA	A:0.000227	A:0.0005814	NA	NA	NA	NA	NA	0.224	0	YES	21	42807881	rs150271063	1044.73	PASS	G	A	G=453;A=1	./.=2;G/G=226;G/A=1	1	1	0
G	ENSG00000157601	ENST00000398600	Transcript	missense_variant	MX1	protein_coding	Q/E	Cag/Gag	rs147811042	Dec.19	NA	neutral(0.235)	NA	ENST00000398600.2:c.859C>G	ENSP00000381601.2:p.Gln287Glu	859	287	tolerated(0.32)	possibly_damaging(0.61)	G:0.0006	G:0.000227	G:0.001512	G:0	G:0.0014	G:0	G:0.002	G:0	0.224	0	YES	21	42813771	rs147811042	1062.74	PASS	C	G	C=453;G=1	./.=2;C/C=226;C/G=1	1	1	0
A	ENSG00000157601	ENST00000398600	Transcript	missense_variant	MX1	protein_coding	G/R	Gga/Aga	rs62623435	13/19	NA	neutral(0.330)	NA	ENST00000398600.2:c.946G>A	ENSP00000381601.2:p.Gly316Arg	946	316	tolerated(0.17)	possibly_damaging(0.739)	A:0.0078	A:0.02769	A:0.0003488	A:0.0265	A:0.0058	A:0	A:0	A:0	0.224	0	YES	21	42815731	rs62623435	235.76	PASS	G	A	G=453;A=1	./.=2;G/G=226;G/A=1	1	1	0
A	ENSG00000157601	ENST00000398600	Transcript	missense_variant	MX1	protein_coding	V/I	Gtt/Att	rs469390	15/19	NA	neutral(0.000)	NA	ENST00000398600.2:c.1135G>A	ENSP00000381601.2:p.Val379Ile	1135	379	tolerated(1)	benign(0)	A:0.4619	A:0.4485	A:0.589	A:0.444	A:0.4496	A:0.2857	A:0.5885	A:0.546	0.224	0	YES	21	42817930	rs469390	228568.04	PASS	G	A	G=202;A=252	./.=2;G/G=47;G/A=108;A/A=72	96	180	84
A	ENSG00000157601	ENST00000398600	Transcript	splice_donor_variant	MX1	protein_coding	NA	NA	NA	NA	15/18	NA	NA	ENST00000398600.2:c.1273+1G>A	NA	NA	NA	NA	NA	NA	NA	NA	NA	NA	NA	NA	NA	0.224	0	YES	21	42818069	.	759.05	PASS	G	A	G=449;A=1	./.=4;G/G=224;G/A=1	1	1	0